scenario,snap_date,variable_name,variable_value,segment,origin
BHCB,2024-01-01,FEDFUNDS,5.33,Macro,input
BHCB,2024-02-01,FEDFUNDS,5.27,Macro,input
BHCB,2024-03-01,FEDFUNDS,5.21,Macro,input
BHCB,2024-04-01,FEDFUNDS,5.15,Macro,input
BHCB,2024-05-01,FEDFUNDS,5.09,Macro,input
BHCB,2024-06-01,FEDFUNDS,5.03,Macro,input
BHCB,2024-07-01,FEDFUNDS,4.97,Macro,input
BHCB,2024-08-01,FEDFUNDS,4.91,Macro,input
BHCB,2024-09-01,FEDFUNDS,4.85,Macro,input
BHCB,2024-10-01,FEDFUNDS,4.79,Macro,input
BHCB,2024-11-01,FEDFUNDS,4.73,Macro,input
BHCB,2024-12-01,FEDFUNDS,4.67,Macro,input
BHCB,2025-01-01,FEDFUNDS,4.61,Macro,input
BHCB,2025-02-01,FEDFUNDS,4.55,Macro,input
BHCB,2025-03-01,FEDFUNDS,4.49,Macro,input
BHCB,2025-04-01,FEDFUNDS,4.43,Macro,input
BHCB,2025-05-01,FEDFUNDS,4.37,Macro,input
BHCB,2025-06-01,FEDFUNDS,4.31,Macro,input
BHCB,2025-07-01,FEDFUNDS,4.25,Macro,input
BHCB,2025-08-01,FEDFUNDS,4.19,Macro,input
BHCB,2025-09-01,FEDFUNDS,4.13,Macro,input
BHCB,2025-10-01,FEDFUNDS,4.07,Macro,input
BHCB,2025-11-01,FEDFUNDS,4.01,Macro,input
BHCB,2025-12-01,FEDFUNDS,3.95,Macro,input
BHCB,2026-01-01,FEDFUNDS,3.89,Macro,input
BHCB,2026-02-01,FEDFUNDS,3.83,Macro,input
BHCB,2026-03-01,FEDFUNDS,3.77,Macro,input
BHCB,2026-04-01,FEDFUNDS,3.71,Macro,input
BHCB,2026-05-01,FEDFUNDS,3.65,Macro,input
BHCB,2026-06-01,FEDFUNDS,3.59,Macro,input
BHCB,2026-07-01,FEDFUNDS,3.53,Macro,input
BHCB,2026-08-01,FEDFUNDS,3.47,Macro,input
BHCB,2026-09-01,FEDFUNDS,3.41,Macro,input
BHCB,2026-10-01,FEDFUNDS,3.35,Macro,input
BHCB,2026-11-01,FEDFUNDS,3.29,Macro,input
BHCB,2026-12-01,FEDFUNDS,3.23,Macro,input
BHCB,2024-01-01,interest_apy,1.8099,GB,output
BHCB,2024-01-01,interest_expense,63.346,GB,output
BHCB,2024-01-01,ecr_driven_avg_balance,16.8,GB,output
BHCB,2024-01-01,rate_driven_balance,25.2,GB,output
BHCB,2024-02-01,interest_apy,1.7642,GB,output
BHCB,2024-02-01,interest_expense,61.718,GB,output
BHCB,2024-02-01,ecr_driven_avg_balance,16.8,GB,output
BHCB,2024-02-01,rate_driven_balance,25.18,GB,output
BHCB,2024-03-01,interest_apy,1.747,GB,output
BHCB,2024-03-01,interest_expense,61.101,GB,output
BHCB,2024-03-01,ecr_driven_avg_balance,16.8,GB,output
BHCB,2024-03-01,rate_driven_balance,25.17,GB,output
BHCB,2024-04-01,interest_apy,1.7315,GB,output
BHCB,2024-04-01,interest_expense,60.53,GB,output
BHCB,2024-04-01,ecr_driven_avg_balance,16.8,GB,output
BHCB,2024-04-01,rate_driven_balance,25.15,GB,output
BHCB,2024-05-01,interest_apy,1.6633,GB,output
BHCB,2024-05-01,interest_expense,58.132,GB,output
BHCB,2024-05-01,ecr_driven_avg_balance,16.8,GB,output
BHCB,2024-05-01,rate_driven_balance,25.14,GB,output
BHCB,2024-06-01,interest_apy,1.6303,GB,output
BHCB,2024-06-01,interest_expense,56.952,GB,output
BHCB,2024-06-01,ecr_driven_avg_balance,16.8,GB,output
BHCB,2024-06-01,rate_driven_balance,25.12,GB,output
BHCB,2024-07-01,interest_apy,1.6336,GB,output
BHCB,2024-07-01,interest_expense,57.053,GB,output
BHCB,2024-07-01,ecr_driven_avg_balance,16.8,GB,output
BHCB,2024-07-01,rate_driven_balance,25.11,GB,output
BHCB,2024-08-01,interest_apy,1.5843,GB,output
BHCB,2024-08-01,interest_expense,55.305,GB,output
BHCB,2024-08-01,ecr_driven_avg_balance,16.8,GB,output
BHCB,2024-08-01,rate_driven_balance,25.09,GB,output
BHCB,2024-09-01,interest_apy,1.5266,GB,output
BHCB,2024-09-01,interest_expense,53.278,GB,output
BHCB,2024-09-01,ecr_driven_avg_balance,16.8,GB,output
BHCB,2024-09-01,rate_driven_balance,25.08,GB,output
BHCB,2024-10-01,interest_apy,1.5139,GB,output
BHCB,2024-10-01,interest_expense,52.81,GB,output
BHCB,2024-10-01,ecr_driven_avg_balance,16.8,GB,output
BHCB,2024-10-01,rate_driven_balance,25.06,GB,output
BHCB,2024-11-01,interest_apy,1.4607,GB,output
BHCB,2024-11-01,interest_expense,50.942,GB,output
BHCB,2024-11-01,ecr_driven_avg_balance,16.8,GB,output
BHCB,2024-11-01,rate_driven_balance,25.05,GB,output
BHCB,2024-12-01,interest_apy,1.4277,GB,output
BHCB,2024-12-01,interest_expense,49.767,GB,output
BHCB,2024-12-01,ecr_driven_avg_balance,16.8,GB,output
BHCB,2024-12-01,rate_driven_balance,25.03,GB,output
BHCB,2025-01-01,interest_apy,1.4088,GB,output
BHCB,2025-01-01,interest_expense,49.097,GB,output
BHCB,2025-01-01,ecr_driven_avg_balance,16.8,GB,output
BHCB,2025-01-01,rate_driven_balance,25.02,GB,output
BHCB,2025-02-01,interest_apy,1.3327,GB,output
BHCB,2025-02-01,interest_expense,46.422,GB,output
BHCB,2025-02-01,ecr_driven_avg_balance,16.8,GB,output
BHCB,2025-02-01,rate_driven_balance,25.0,GB,output
BHCB,2025-03-01,interest_apy,1.3035,GB,output
BHCB,2025-03-01,interest_expense,45.394,GB,output
BHCB,2025-03-01,ecr_driven_avg_balance,16.8,GB,output
BHCB,2025-03-01,rate_driven_balance,24.99,GB,output
BHCB,2025-04-01,interest_apy,1.2938,GB,output
BHCB,2025-04-01,interest_expense,45.035,GB,output
BHCB,2025-04-01,ecr_driven_avg_balance,16.8,GB,output
BHCB,2025-04-01,rate_driven_balance,24.97,GB,output
BHCB,2025-05-01,interest_apy,1.2517,GB,output
BHCB,2025-05-01,interest_expense,43.559,GB,output
BHCB,2025-05-01,ecr_driven_avg_balance,16.8,GB,output
BHCB,2025-05-01,rate_driven_balance,24.96,GB,output
BHCB,2025-06-01,interest_apy,1.2453,GB,output
BHCB,2025-06-01,interest_expense,43.316,GB,output
BHCB,2025-06-01,ecr_driven_avg_balance,16.8,GB,output
BHCB,2025-06-01,rate_driven_balance,24.94,GB,output
BHCB,2025-07-01,interest_apy,1.1878,GB,output
BHCB,2025-07-01,interest_expense,41.306,GB,output
BHCB,2025-07-01,ecr_driven_avg_balance,16.8,GB,output
BHCB,2025-07-01,rate_driven_balance,24.93,GB,output
BHCB,2025-08-01,interest_apy,1.1448,GB,output
BHCB,2025-08-01,interest_expense,39.791,GB,output
BHCB,2025-08-01,ecr_driven_avg_balance,16.8,GB,output
BHCB,2025-08-01,rate_driven_balance,24.91,GB,output
BHCB,2025-09-01,interest_apy,1.1693,GB,output
BHCB,2025-09-01,interest_expense,40.633,GB,output
BHCB,2025-09-01,ecr_driven_avg_balance,16.8,GB,output
BHCB,2025-09-01,rate_driven_balance,24.9,GB,output
BHCB,2025-10-01,interest_apy,1.1025,GB,output
BHCB,2025-10-01,interest_expense,38.294,GB,output
BHCB,2025-10-01,ecr_driven_avg_balance,16.8,GB,output
BHCB,2025-10-01,rate_driven_balance,24.88,GB,output
BHCB,2025-11-01,interest_apy,1.0754,GB,output
BHCB,2025-11-01,interest_expense,37.343,GB,output
BHCB,2025-11-01,ecr_driven_avg_balance,16.8,GB,output
BHCB,2025-11-01,rate_driven_balance,24.87,GB,output
BHCB,2025-12-01,interest_apy,1.0125,GB,output
BHCB,2025-12-01,interest_expense,35.142,GB,output
BHCB,2025-12-01,ecr_driven_avg_balance,16.8,GB,output
BHCB,2025-12-01,rate_driven_balance,24.85,GB,output
BHCB,2026-01-01,interest_apy,0.9971,GB,output
BHCB,2026-01-01,interest_expense,34.599,GB,output
BHCB,2026-01-01,ecr_driven_avg_balance,16.8,GB,output
BHCB,2026-01-01,rate_driven_balance,24.84,GB,output
BHCB,2026-02-01,interest_apy,0.9772,GB,output
BHCB,2026-02-01,interest_expense,33.893,GB,output
BHCB,2026-02-01,ecr_driven_avg_balance,16.8,GB,output
BHCB,2026-02-01,rate_driven_balance,24.82,GB,output
BHCB,2026-03-01,interest_apy,0.919,GB,output
BHCB,2026-03-01,interest_expense,31.866,GB,output
BHCB,2026-03-01,ecr_driven_avg_balance,16.8,GB,output
BHCB,2026-03-01,rate_driven_balance,24.81,GB,output
BHCB,2026-04-01,interest_apy,0.9165,GB,output
BHCB,2026-04-01,interest_expense,31.764,GB,output
BHCB,2026-04-01,ecr_driven_avg_balance,16.8,GB,output
BHCB,2026-04-01,rate_driven_balance,24.79,GB,output
BHCB,2026-05-01,interest_apy,0.864,GB,output
BHCB,2026-05-01,interest_expense,29.938,GB,output
BHCB,2026-05-01,ecr_driven_avg_balance,16.8,GB,output
BHCB,2026-05-01,rate_driven_balance,24.78,GB,output
BHCB,2026-06-01,interest_apy,0.8372,GB,output
BHCB,2026-06-01,interest_expense,28.995,GB,output
BHCB,2026-06-01,ecr_driven_avg_balance,16.8,GB,output
BHCB,2026-06-01,rate_driven_balance,24.76,GB,output
BHCB,2026-07-01,interest_apy,0.798,GB,output
BHCB,2026-07-01,interest_expense,27.631,GB,output
BHCB,2026-07-01,ecr_driven_avg_balance,16.8,GB,output
BHCB,2026-07-01,rate_driven_balance,24.75,GB,output
BHCB,2026-08-01,interest_apy,0.814,GB,output
BHCB,2026-08-01,interest_expense,28.171,GB,output
BHCB,2026-08-01,ecr_driven_avg_balance,16.8,GB,output
BHCB,2026-08-01,rate_driven_balance,24.73,GB,output
BHCB,2026-09-01,interest_apy,0.7437,GB,output
BHCB,2026-09-01,interest_expense,25.732,GB,output
BHCB,2026-09-01,ecr_driven_avg_balance,16.8,GB,output
BHCB,2026-09-01,rate_driven_balance,24.72,GB,output
BHCB,2026-10-01,interest_apy,0.6898,GB,output
BHCB,2026-10-01,interest_expense,23.856,GB,output
BHCB,2026-10-01,ecr_driven_avg_balance,16.8,GB,output
BHCB,2026-10-01,rate_driven_balance,24.7,GB,output
BHCB,2026-11-01,interest_apy,0.6945,GB,output
BHCB,2026-11-01,interest_expense,24.012,GB,output
BHCB,2026-11-01,ecr_driven_avg_balance,16.8,GB,output
BHCB,2026-11-01,rate_driven_balance,24.69,GB,output
BHCB,2026-12-01,interest_apy,0.6206,GB,output
BHCB,2026-12-01,interest_expense,21.447,GB,output
BHCB,2026-12-01,ecr_driven_avg_balance,16.8,GB,output
BHCB,2026-12-01,rate_driven_balance,24.67,GB,output
BHCB,2024-01-01,interest_apy,2.1042,NON-GB,output
BHCB,2024-01-01,interest_expense,49.975,NON-GB,output
BHCB,2024-01-01,ecr_driven_avg_balance,11.4,NON-GB,output
BHCB,2024-01-01,rate_driven_balance,17.1,NON-GB,output
BHCB,2024-02-01,interest_apy,2.0236,NON-GB,output
BHCB,2024-02-01,interest_expense,48.044,NON-GB,output
BHCB,2024-02-01,ecr_driven_avg_balance,11.4,NON-GB,output
BHCB,2024-02-01,rate_driven_balance,17.09,NON-GB,output
BHCB,2024-03-01,interest_apy,1.999,NON-GB,output
BHCB,2024-03-01,interest_expense,47.443,NON-GB,output
BHCB,2024-03-01,ecr_driven_avg_balance,11.4,NON-GB,output
BHCB,2024-03-01,rate_driven_balance,17.08,NON-GB,output
BHCB,2024-04-01,interest_apy,1.9923,NON-GB,output
BHCB,2024-04-01,interest_expense,47.267,NON-GB,output
BHCB,2024-04-01,ecr_driven_avg_balance,11.4,NON-GB,output
BHCB,2024-04-01,rate_driven_balance,17.07,NON-GB,output
BHCB,2024-05-01,interest_apy,1.966,NON-GB,output
BHCB,2024-05-01,interest_expense,46.627,NON-GB,output
BHCB,2024-05-01,ecr_driven_avg_balance,11.4,NON-GB,output
BHCB,2024-05-01,rate_driven_balance,17.06,NON-GB,output
BHCB,2024-06-01,interest_apy,1.9174,NON-GB,output
BHCB,2024-06-01,interest_expense,45.458,NON-GB,output
BHCB,2024-06-01,ecr_driven_avg_balance,11.4,NON-GB,output
BHCB,2024-06-01,rate_driven_balance,17.05,NON-GB,output
BHCB,2024-07-01,interest_apy,1.8745,NON-GB,output
BHCB,2024-07-01,interest_expense,44.426,NON-GB,output
BHCB,2024-07-01,ecr_driven_avg_balance,11.4,NON-GB,output
BHCB,2024-07-01,rate_driven_balance,17.04,NON-GB,output
BHCB,2024-08-01,interest_apy,1.8336,NON-GB,output
BHCB,2024-08-01,interest_expense,43.441,NON-GB,output
BHCB,2024-08-01,ecr_driven_avg_balance,11.4,NON-GB,output
BHCB,2024-08-01,rate_driven_balance,17.03,NON-GB,output
BHCB,2024-09-01,interest_apy,1.7728,NON-GB,output
BHCB,2024-09-01,interest_expense,41.986,NON-GB,output
BHCB,2024-09-01,ecr_driven_avg_balance,11.4,NON-GB,output
BHCB,2024-09-01,rate_driven_balance,17.02,NON-GB,output
BHCB,2024-10-01,interest_apy,1.7508,NON-GB,output
BHCB,2024-10-01,interest_expense,41.45,NON-GB,output
BHCB,2024-10-01,ecr_driven_avg_balance,11.4,NON-GB,output
BHCB,2024-10-01,rate_driven_balance,17.01,NON-GB,output
BHCB,2024-11-01,interest_apy,1.7188,NON-GB,output
BHCB,2024-11-01,interest_expense,40.678,NON-GB,output
BHCB,2024-11-01,ecr_driven_avg_balance,11.4,NON-GB,output
BHCB,2024-11-01,rate_driven_balance,17.0,NON-GB,output
BHCB,2024-12-01,interest_apy,1.7119,NON-GB,output
BHCB,2024-12-01,interest_expense,40.501,NON-GB,output
BHCB,2024-12-01,ecr_driven_avg_balance,11.4,NON-GB,output
BHCB,2024-12-01,rate_driven_balance,16.99,NON-GB,output
BHCB,2025-01-01,interest_apy,1.6605,NON-GB,output
BHCB,2025-01-01,interest_expense,39.271,NON-GB,output
BHCB,2025-01-01,ecr_driven_avg_balance,11.4,NON-GB,output
BHCB,2025-01-01,rate_driven_balance,16.98,NON-GB,output
BHCB,2025-02-01,interest_apy,1.5811,NON-GB,output
BHCB,2025-02-01,interest_expense,37.38,NON-GB,output
BHCB,2025-02-01,ecr_driven_avg_balance,11.4,NON-GB,output
BHCB,2025-02-01,rate_driven_balance,16.97,NON-GB,output
BHCB,2025-03-01,interest_apy,1.5857,NON-GB,output
BHCB,2025-03-01,interest_expense,37.475,NON-GB,output
BHCB,2025-03-01,ecr_driven_avg_balance,11.4,NON-GB,output
BHCB,2025-03-01,rate_driven_balance,16.96,NON-GB,output
BHCB,2025-04-01,interest_apy,1.5343,NON-GB,output
BHCB,2025-04-01,interest_expense,36.248,NON-GB,output
BHCB,2025-04-01,ecr_driven_avg_balance,11.4,NON-GB,output
BHCB,2025-04-01,rate_driven_balance,16.95,NON-GB,output
BHCB,2025-05-01,interest_apy,1.4913,NON-GB,output
BHCB,2025-05-01,interest_expense,35.22,NON-GB,output
BHCB,2025-05-01,ecr_driven_avg_balance,11.4,NON-GB,output
BHCB,2025-05-01,rate_driven_balance,16.94,NON-GB,output
BHCB,2025-06-01,interest_apy,1.4798,NON-GB,output
BHCB,2025-06-01,interest_expense,34.936,NON-GB,output
BHCB,2025-06-01,ecr_driven_avg_balance,11.4,NON-GB,output
BHCB,2025-06-01,rate_driven_balance,16.93,NON-GB,output
BHCB,2025-07-01,interest_apy,1.451,NON-GB,output
BHCB,2025-07-01,interest_expense,34.244,NON-GB,output
BHCB,2025-07-01,ecr_driven_avg_balance,11.4,NON-GB,output
BHCB,2025-07-01,rate_driven_balance,16.92,NON-GB,output
BHCB,2025-08-01,interest_apy,1.4118,NON-GB,output
BHCB,2025-08-01,interest_expense,33.307,NON-GB,output
BHCB,2025-08-01,ecr_driven_avg_balance,11.4,NON-GB,output
BHCB,2025-08-01,rate_driven_balance,16.91,NON-GB,output
BHCB,2025-09-01,interest_apy,1.3392,NON-GB,output
BHCB,2025-09-01,interest_expense,31.572,NON-GB,output
BHCB,2025-09-01,ecr_driven_avg_balance,11.4,NON-GB,output
BHCB,2025-09-01,rate_driven_balance,16.89,NON-GB,output
BHCB,2025-10-01,interest_apy,1.3126,NON-GB,output
BHCB,2025-10-01,interest_expense,30.934,NON-GB,output
BHCB,2025-10-01,ecr_driven_avg_balance,11.4,NON-GB,output
BHCB,2025-10-01,rate_driven_balance,16.88,NON-GB,output
BHCB,2025-11-01,interest_apy,1.2882,NON-GB,output
BHCB,2025-11-01,interest_expense,30.348,NON-GB,output
BHCB,2025-11-01,ecr_driven_avg_balance,11.4,NON-GB,output
BHCB,2025-11-01,rate_driven_balance,16.87,NON-GB,output
BHCB,2025-12-01,interest_apy,1.2639,NON-GB,output
BHCB,2025-12-01,interest_expense,29.765,NON-GB,output
BHCB,2025-12-01,ecr_driven_avg_balance,11.4,NON-GB,output
BHCB,2025-12-01,rate_driven_balance,16.86,NON-GB,output
BHCB,2026-01-01,interest_apy,1.1976,NON-GB,output
BHCB,2026-01-01,interest_expense,28.194,NON-GB,output
BHCB,2026-01-01,ecr_driven_avg_balance,11.4,NON-GB,output
BHCB,2026-01-01,rate_driven_balance,16.85,NON-GB,output
BHCB,2026-02-01,interest_apy,1.1663,NON-GB,output
BHCB,2026-02-01,interest_expense,27.447,NON-GB,output
BHCB,2026-02-01,ecr_driven_avg_balance,11.4,NON-GB,output
BHCB,2026-02-01,rate_driven_balance,16.84,NON-GB,output
BHCB,2026-03-01,interest_apy,1.1107,NON-GB,output
BHCB,2026-03-01,interest_expense,26.129,NON-GB,output
BHCB,2026-03-01,ecr_driven_avg_balance,11.4,NON-GB,output
BHCB,2026-03-01,rate_driven_balance,16.83,NON-GB,output
BHCB,2026-04-01,interest_apy,1.0717,NON-GB,output
BHCB,2026-04-01,interest_expense,25.203,NON-GB,output
BHCB,2026-04-01,ecr_driven_avg_balance,11.4,NON-GB,output
BHCB,2026-04-01,rate_driven_balance,16.82,NON-GB,output
BHCB,2026-05-01,interest_apy,1.0747,NON-GB,output
BHCB,2026-05-01,interest_expense,25.264,NON-GB,output
BHCB,2026-05-01,ecr_driven_avg_balance,11.4,NON-GB,output
BHCB,2026-05-01,rate_driven_balance,16.81,NON-GB,output
BHCB,2026-06-01,interest_apy,1.0483,NON-GB,output
BHCB,2026-06-01,interest_expense,24.635,NON-GB,output
BHCB,2026-06-01,ecr_driven_avg_balance,11.4,NON-GB,output
BHCB,2026-06-01,rate_driven_balance,16.8,NON-GB,output
BHCB,2026-07-01,interest_apy,0.9826,NON-GB,output
BHCB,2026-07-01,interest_expense,23.083,NON-GB,output
BHCB,2026-07-01,ecr_driven_avg_balance,11.4,NON-GB,output
BHCB,2026-07-01,rate_driven_balance,16.79,NON-GB,output
BHCB,2026-08-01,interest_apy,0.9669,NON-GB,output
BHCB,2026-08-01,interest_expense,22.706,NON-GB,output
BHCB,2026-08-01,ecr_driven_avg_balance,11.4,NON-GB,output
BHCB,2026-08-01,rate_driven_balance,16.78,NON-GB,output
BHCB,2026-09-01,interest_apy,0.9168,NON-GB,output
BHCB,2026-09-01,interest_expense,21.522,NON-GB,output
BHCB,2026-09-01,ecr_driven_avg_balance,11.4,NON-GB,output
BHCB,2026-09-01,rate_driven_balance,16.77,NON-GB,output
BHCB,2026-10-01,interest_apy,0.8595,NON-GB,output
BHCB,2026-10-01,interest_expense,20.17,NON-GB,output
BHCB,2026-10-01,ecr_driven_avg_balance,11.4,NON-GB,output
BHCB,2026-10-01,rate_driven_balance,16.76,NON-GB,output
BHCB,2026-11-01,interest_apy,0.8424,NON-GB,output
BHCB,2026-11-01,interest_expense,19.761,NON-GB,output
BHCB,2026-11-01,ecr_driven_avg_balance,11.4,NON-GB,output
BHCB,2026-11-01,rate_driven_balance,16.75,NON-GB,output
BHCB,2026-12-01,interest_apy,0.8288,NON-GB,output
BHCB,2026-12-01,interest_expense,19.435,NON-GB,output
BHCB,2026-12-01,ecr_driven_avg_balance,11.4,NON-GB,output
BHCB,2026-12-01,rate_driven_balance,16.74,NON-GB,output
BHCB,2024-01-01,interest_apy,3.4993,HYMM,output
BHCB,2024-01-01,interest_expense,43.741,HYMM,output
BHCB,2024-01-01,ecr_driven_avg_balance,6.0,HYMM,output
BHCB,2024-01-01,rate_driven_balance,9.0,HYMM,output
BHCB,2024-02-01,interest_apy,3.4833,HYMM,output
BHCB,2024-02-01,interest_expense,43.512,HYMM,output
BHCB,2024-02-01,ecr_driven_avg_balance,6.0,HYMM,output
BHCB,2024-02-01,rate_driven_balance,8.99,HYMM,output
BHCB,2024-03-01,interest_apy,3.3516,HYMM,output
BHCB,2024-03-01,interest_expense,41.867,HYMM,output
BHCB,2024-03-01,ecr_driven_avg_balance,6.0,HYMM,output
BHCB,2024-03-01,rate_driven_balance,8.99,HYMM,output
BHCB,2024-04-01,interest_apy,3.3724,HYMM,output
BHCB,2024-04-01,interest_expense,42.099,HYMM,output
BHCB,2024-04-01,ecr_driven_avg_balance,6.0,HYMM,output
BHCB,2024-04-01,rate_driven_balance,8.98,HYMM,output
BHCB,2024-05-01,interest_apy,3.3097,HYMM,output
BHCB,2024-05-01,interest_expense,41.316,HYMM,output
BHCB,2024-05-01,ecr_driven_avg_balance,6.0,HYMM,output
BHCB,2024-05-01,rate_driven_balance,8.98,HYMM,output
BHCB,2024-06-01,interest_apy,3.254,HYMM,output
BHCB,2024-06-01,interest_expense,40.594,HYMM,output
BHCB,2024-06-01,ecr_driven_avg_balance,6.0,HYMM,output
BHCB,2024-06-01,rate_driven_balance,8.97,HYMM,output
BHCB,2024-07-01,interest_apy,3.2138,HYMM,output
BHCB,2024-07-01,interest_expense,40.092,HYMM,output
BHCB,2024-07-01,ecr_driven_avg_balance,6.0,HYMM,output
BHCB,2024-07-01,rate_driven_balance,8.97,HYMM,output
BHCB,2024-08-01,interest_apy,3.1242,HYMM,output
BHCB,2024-08-01,interest_expense,38.948,HYMM,output
BHCB,2024-08-01,ecr_driven_avg_balance,6.0,HYMM,output
BHCB,2024-08-01,rate_driven_balance,8.96,HYMM,output
BHCB,2024-09-01,interest_apy,3.1116,HYMM,output
BHCB,2024-09-01,interest_expense,38.791,HYMM,output
BHCB,2024-09-01,ecr_driven_avg_balance,6.0,HYMM,output
BHCB,2024-09-01,rate_driven_balance,8.96,HYMM,output
BHCB,2024-10-01,interest_apy,3.0751,HYMM,output
BHCB,2024-10-01,interest_expense,38.311,HYMM,output
BHCB,2024-10-01,ecr_driven_avg_balance,6.0,HYMM,output
BHCB,2024-10-01,rate_driven_balance,8.95,HYMM,output
BHCB,2024-11-01,interest_apy,3.0496,HYMM,output
BHCB,2024-11-01,interest_expense,37.993,HYMM,output
BHCB,2024-11-01,ecr_driven_avg_balance,6.0,HYMM,output
BHCB,2024-11-01,rate_driven_balance,8.95,HYMM,output
BHCB,2024-12-01,interest_apy,2.9616,HYMM,output
BHCB,2024-12-01,interest_expense,36.872,HYMM,output
BHCB,2024-12-01,ecr_driven_avg_balance,6.0,HYMM,output
BHCB,2024-12-01,rate_driven_balance,8.94,HYMM,output
BHCB,2025-01-01,interest_apy,2.9078,HYMM,output
BHCB,2025-01-01,interest_expense,36.202,HYMM,output
BHCB,2025-01-01,ecr_driven_avg_balance,6.0,HYMM,output
BHCB,2025-01-01,rate_driven_balance,8.94,HYMM,output
BHCB,2025-02-01,interest_apy,2.866,HYMM,output
BHCB,2025-02-01,interest_expense,35.658,HYMM,output
BHCB,2025-02-01,ecr_driven_avg_balance,6.0,HYMM,output
BHCB,2025-02-01,rate_driven_balance,8.93,HYMM,output
BHCB,2025-03-01,interest_apy,2.8463,HYMM,output
BHCB,2025-03-01,interest_expense,35.389,HYMM,output
BHCB,2025-03-01,ecr_driven_avg_balance,6.0,HYMM,output
BHCB,2025-03-01,rate_driven_balance,8.92,HYMM,output
BHCB,2025-04-01,interest_apy,2.7866,HYMM,output
BHCB,2025-04-01,interest_expense,34.647,HYMM,output
BHCB,2025-04-01,ecr_driven_avg_balance,6.0,HYMM,output
BHCB,2025-04-01,rate_driven_balance,8.92,HYMM,output
BHCB,2025-05-01,interest_apy,2.7214,HYMM,output
BHCB,2025-05-01,interest_expense,33.813,HYMM,output
BHCB,2025-05-01,ecr_driven_avg_balance,6.0,HYMM,output
BHCB,2025-05-01,rate_driven_balance,8.91,HYMM,output
BHCB,2025-06-01,interest_apy,2.6943,HYMM,output
BHCB,2025-06-01,interest_expense,33.477,HYMM,output
BHCB,2025-06-01,ecr_driven_avg_balance,6.0,HYMM,output
BHCB,2025-06-01,rate_driven_balance,8.91,HYMM,output
BHCB,2025-07-01,interest_apy,2.6379,HYMM,output
BHCB,2025-07-01,interest_expense,32.754,HYMM,output
BHCB,2025-07-01,ecr_driven_avg_balance,6.0,HYMM,output
BHCB,2025-07-01,rate_driven_balance,8.9,HYMM,output
BHCB,2025-08-01,interest_apy,2.6074,HYMM,output
BHCB,2025-08-01,interest_expense,32.375,HYMM,output
BHCB,2025-08-01,ecr_driven_avg_balance,6.0,HYMM,output
BHCB,2025-08-01,rate_driven_balance,8.9,HYMM,output
BHCB,2025-09-01,interest_apy,2.526,HYMM,output
BHCB,2025-09-01,interest_expense,31.343,HYMM,output
BHCB,2025-09-01,ecr_driven_avg_balance,6.0,HYMM,output
BHCB,2025-09-01,rate_driven_balance,8.89,HYMM,output
BHCB,2025-10-01,interest_apy,2.4854,HYMM,output
BHCB,2025-10-01,interest_expense,30.84,HYMM,output
BHCB,2025-10-01,ecr_driven_avg_balance,6.0,HYMM,output
BHCB,2025-10-01,rate_driven_balance,8.89,HYMM,output
BHCB,2025-11-01,interest_apy,2.4362,HYMM,output
BHCB,2025-11-01,interest_expense,30.209,HYMM,output
BHCB,2025-11-01,ecr_driven_avg_balance,6.0,HYMM,output
BHCB,2025-11-01,rate_driven_balance,8.88,HYMM,output
BHCB,2025-12-01,interest_apy,2.3667,HYMM,output
BHCB,2025-12-01,interest_expense,29.347,HYMM,output
BHCB,2025-12-01,ecr_driven_avg_balance,6.0,HYMM,output
BHCB,2025-12-01,rate_driven_balance,8.88,HYMM,output
BHCB,2026-01-01,interest_apy,2.3539,HYMM,output
BHCB,2026-01-01,interest_expense,29.169,HYMM,output
BHCB,2026-01-01,ecr_driven_avg_balance,6.0,HYMM,output
BHCB,2026-01-01,rate_driven_balance,8.87,HYMM,output
BHCB,2026-02-01,interest_apy,2.3052,HYMM,output
BHCB,2026-02-01,interest_expense,28.565,HYMM,output
BHCB,2026-02-01,ecr_driven_avg_balance,6.0,HYMM,output
BHCB,2026-02-01,rate_driven_balance,8.87,HYMM,output
BHCB,2026-03-01,interest_apy,2.2521,HYMM,output
BHCB,2026-03-01,interest_expense,27.889,HYMM,output
BHCB,2026-03-01,ecr_driven_avg_balance,6.0,HYMM,output
BHCB,2026-03-01,rate_driven_balance,8.86,HYMM,output
BHCB,2026-04-01,interest_apy,2.1993,HYMM,output
BHCB,2026-04-01,interest_expense,27.216,HYMM,output
BHCB,2026-04-01,ecr_driven_avg_balance,6.0,HYMM,output
BHCB,2026-04-01,rate_driven_balance,8.85,HYMM,output
BHCB,2026-05-01,interest_apy,2.1277,HYMM,output
BHCB,2026-05-01,interest_expense,26.33,HYMM,output
BHCB,2026-05-01,ecr_driven_avg_balance,6.0,HYMM,output
BHCB,2026-05-01,rate_driven_balance,8.85,HYMM,output
BHCB,2026-06-01,interest_apy,2.0996,HYMM,output
BHCB,2026-06-01,interest_expense,25.965,HYMM,output
BHCB,2026-06-01,ecr_driven_avg_balance,6.0,HYMM,output
BHCB,2026-06-01,rate_driven_balance,8.84,HYMM,output
BHCB,2026-07-01,interest_apy,2.0531,HYMM,output
BHCB,2026-07-01,interest_expense,25.39,HYMM,output
BHCB,2026-07-01,ecr_driven_avg_balance,6.0,HYMM,output
BHCB,2026-07-01,rate_driven_balance,8.84,HYMM,output
BHCB,2026-08-01,interest_apy,1.996,HYMM,output
BHCB,2026-08-01,interest_expense,24.667,HYMM,output
BHCB,2026-08-01,ecr_driven_avg_balance,6.0,HYMM,output
BHCB,2026-08-01,rate_driven_balance,8.83,HYMM,output
BHCB,2026-09-01,interest_apy,1.9608,HYMM,output
BHCB,2026-09-01,interest_expense,24.232,HYMM,output
BHCB,2026-09-01,ecr_driven_avg_balance,6.0,HYMM,output
BHCB,2026-09-01,rate_driven_balance,8.83,HYMM,output
BHCB,2026-10-01,interest_apy,1.9241,HYMM,output
BHCB,2026-10-01,interest_expense,23.763,HYMM,output
BHCB,2026-10-01,ecr_driven_avg_balance,6.0,HYMM,output
BHCB,2026-10-01,rate_driven_balance,8.82,HYMM,output
BHCB,2026-11-01,interest_apy,1.9057,HYMM,output
BHCB,2026-11-01,interest_expense,23.535,HYMM,output
BHCB,2026-11-01,ecr_driven_avg_balance,6.0,HYMM,output
BHCB,2026-11-01,rate_driven_balance,8.82,HYMM,output
BHCB,2026-12-01,interest_apy,1.8235,HYMM,output
BHCB,2026-12-01,interest_expense,22.505,HYMM,output
BHCB,2026-12-01,ecr_driven_avg_balance,6.0,HYMM,output
BHCB,2026-12-01,rate_driven_balance,8.81,HYMM,output
BHCB,2024-01-01,interest_apy,1.2052,Macro,output
BHCB,2024-01-01,interest_expense,55.238,Macro,output
BHCB,2024-01-01,ecr_driven_avg_balance,22.0,Macro,output
BHCB,2024-01-01,rate_driven_balance,33.0,Macro,output
BHCB,2024-02-01,interest_apy,1.1715,Macro,output
BHCB,2024-02-01,interest_expense,53.674,Macro,output
BHCB,2024-02-01,ecr_driven_avg_balance,22.0,Macro,output
BHCB,2024-02-01,rate_driven_balance,32.98,Macro,output
BHCB,2024-03-01,interest_apy,1.1076,Macro,output
BHCB,2024-03-01,interest_expense,50.728,Macro,output
BHCB,2024-03-01,ecr_driven_avg_balance,22.0,Macro,output
BHCB,2024-03-01,rate_driven_balance,32.96,Macro,output
BHCB,2024-04-01,interest_apy,1.1185,Macro,output
BHCB,2024-04-01,interest_expense,51.209,Macro,output
BHCB,2024-04-01,ecr_driven_avg_balance,22.0,Macro,output
BHCB,2024-04-01,rate_driven_balance,32.94,Macro,output
BHCB,2024-05-01,interest_apy,1.0932,Macro,output
BHCB,2024-05-01,interest_expense,50.032,Macro,output
BHCB,2024-05-01,ecr_driven_avg_balance,22.0,Macro,output
BHCB,2024-05-01,rate_driven_balance,32.92,Macro,output
BHCB,2024-06-01,interest_apy,1.1143,Macro,output
BHCB,2024-06-01,interest_expense,50.979,Macro,output
BHCB,2024-06-01,ecr_driven_avg_balance,22.0,Macro,output
BHCB,2024-06-01,rate_driven_balance,32.9,Macro,output
BHCB,2024-07-01,interest_apy,1.0342,Macro,output
BHCB,2024-07-01,interest_expense,47.297,Macro,output
BHCB,2024-07-01,ecr_driven_avg_balance,22.0,Macro,output
BHCB,2024-07-01,rate_driven_balance,32.88,Macro,output
BHCB,2024-08-01,interest_apy,1.017,Macro,output
BHCB,2024-08-01,interest_expense,46.494,Macro,output
BHCB,2024-08-01,ecr_driven_avg_balance,22.0,Macro,output
BHCB,2024-08-01,rate_driven_balance,32.86,Macro,output
BHCB,2024-09-01,interest_apy,0.9833,Macro,output
BHCB,2024-09-01,interest_expense,44.937,Macro,output
BHCB,2024-09-01,ecr_driven_avg_balance,22.0,Macro,output
BHCB,2024-09-01,rate_driven_balance,32.84,Macro,output
BHCB,2024-10-01,interest_apy,0.9336,Macro,output
BHCB,2024-10-01,interest_expense,42.65,Macro,output
BHCB,2024-10-01,ecr_driven_avg_balance,22.0,Macro,output
BHCB,2024-10-01,rate_driven_balance,32.82,Macro,output
BHCB,2024-11-01,interest_apy,0.9529,Macro,output
BHCB,2024-11-01,interest_expense,43.516,Macro,output
BHCB,2024-11-01,ecr_driven_avg_balance,22.0,Macro,output
BHCB,2024-11-01,rate_driven_balance,32.8,Macro,output
BHCB,2024-12-01,interest_apy,0.918,Macro,output
BHCB,2024-12-01,interest_expense,41.907,Macro,output
BHCB,2024-12-01,ecr_driven_avg_balance,22.0,Macro,output
BHCB,2024-12-01,rate_driven_balance,32.78,Macro,output
BHCB,2025-01-01,interest_apy,0.8918,Macro,output
BHCB,2025-01-01,interest_expense,40.696,Macro,output
BHCB,2025-01-01,ecr_driven_avg_balance,22.0,Macro,output
BHCB,2025-01-01,rate_driven_balance,32.76,Macro,output
BHCB,2025-02-01,interest_apy,0.8308,Macro,output
BHCB,2025-02-01,interest_expense,37.898,Macro,output
BHCB,2025-02-01,ecr_driven_avg_balance,22.0,Macro,output
BHCB,2025-02-01,rate_driven_balance,32.74,Macro,output
BHCB,2025-03-01,interest_apy,0.8501,Macro,output
BHCB,2025-03-01,interest_expense,38.765,Macro,output
BHCB,2025-03-01,ecr_driven_avg_balance,22.0,Macro,output
BHCB,2025-03-01,rate_driven_balance,32.72,Macro,output
BHCB,2025-04-01,interest_apy,0.767,Macro,output
BHCB,2025-04-01,interest_expense,34.962,Macro,output
BHCB,2025-04-01,ecr_driven_avg_balance,22.0,Macro,output
BHCB,2025-04-01,rate_driven_balance,32.7,Macro,output
BHCB,2025-05-01,interest_apy,0.7797,Macro,output
BHCB,2025-05-01,interest_expense,35.528,Macro,output
BHCB,2025-05-01,ecr_driven_avg_balance,22.0,Macro,output
BHCB,2025-05-01,rate_driven_balance,32.68,Macro,output
BHCB,2025-06-01,interest_apy,0.7848,Macro,output
BHCB,2025-06-01,interest_expense,35.748,Macro,output
BHCB,2025-06-01,ecr_driven_avg_balance,22.0,Macro,output
BHCB,2025-06-01,rate_driven_balance,32.66,Macro,output
BHCB,2025-07-01,interest_apy,0.6942,Macro,output
BHCB,2025-07-01,interest_expense,31.609,Macro,output
BHCB,2025-07-01,ecr_driven_avg_balance,22.0,Macro,output
BHCB,2025-07-01,rate_driven_balance,32.64,Macro,output
BHCB,2025-08-01,interest_apy,0.6757,Macro,output
BHCB,2025-08-01,interest_expense,30.756,Macro,output
BHCB,2025-08-01,ecr_driven_avg_balance,22.0,Macro,output
BHCB,2025-08-01,rate_driven_balance,32.62,Macro,output
BHCB,2025-09-01,interest_apy,0.662,Macro,output
BHCB,2025-09-01,interest_expense,30.121,Macro,output
BHCB,2025-09-01,ecr_driven_avg_balance,22.0,Macro,output
BHCB,2025-09-01,rate_driven_balance,32.6,Macro,output
BHCB,2025-10-01,interest_apy,0.6229,Macro,output
BHCB,2025-10-01,interest_expense,28.332,Macro,output
BHCB,2025-10-01,ecr_driven_avg_balance,22.0,Macro,output
BHCB,2025-10-01,rate_driven_balance,32.58,Macro,output
BHCB,2025-11-01,interest_apy,0.575,Macro,output
BHCB,2025-11-01,interest_expense,26.143,Macro,output
BHCB,2025-11-01,ecr_driven_avg_balance,22.0,Macro,output
BHCB,2025-11-01,rate_driven_balance,32.56,Macro,output
BHCB,2025-12-01,interest_apy,0.5804,Macro,output
BHCB,2025-12-01,interest_expense,26.379,Macro,output
BHCB,2025-12-01,ecr_driven_avg_balance,22.0,Macro,output
BHCB,2025-12-01,rate_driven_balance,32.54,Macro,output
BHCB,2026-01-01,interest_apy,0.5308,Macro,output
BHCB,2026-01-01,interest_expense,24.116,Macro,output
BHCB,2026-01-01,ecr_driven_avg_balance,22.0,Macro,output
BHCB,2026-01-01,rate_driven_balance,32.52,Macro,output
BHCB,2026-02-01,interest_apy,0.5345,Macro,output
BHCB,2026-02-01,interest_expense,24.28,Macro,output
BHCB,2026-02-01,ecr_driven_avg_balance,22.0,Macro,output
BHCB,2026-02-01,rate_driven_balance,32.51,Macro,output
BHCB,2026-03-01,interest_apy,0.4796,Macro,output
BHCB,2026-03-01,interest_expense,21.778,Macro,output
BHCB,2026-03-01,ecr_driven_avg_balance,22.0,Macro,output
BHCB,2026-03-01,rate_driven_balance,32.49,Macro,output
BHCB,2026-04-01,interest_apy,0.502,Macro,output
BHCB,2026-04-01,interest_expense,22.787,Macro,output
BHCB,2026-04-01,ecr_driven_avg_balance,22.0,Macro,output
BHCB,2026-04-01,rate_driven_balance,32.47,Macro,output
BHCB,2026-05-01,interest_apy,0.4283,Macro,output
BHCB,2026-05-01,interest_expense,19.434,Macro,output
BHCB,2026-05-01,ecr_driven_avg_balance,22.0,Macro,output
BHCB,2026-05-01,rate_driven_balance,32.45,Macro,output
BHCB,2026-06-01,interest_apy,0.4106,Macro,output
BHCB,2026-06-01,interest_expense,18.624,Macro,output
BHCB,2026-06-01,ecr_driven_avg_balance,22.0,Macro,output
BHCB,2026-06-01,rate_driven_balance,32.43,Macro,output
BHCB,2026-07-01,interest_apy,0.4063,Macro,output
BHCB,2026-07-01,interest_expense,18.422,Macro,output
BHCB,2026-07-01,ecr_driven_avg_balance,22.0,Macro,output
BHCB,2026-07-01,rate_driven_balance,32.41,Macro,output
BHCB,2026-08-01,interest_apy,0.3384,Macro,output
BHCB,2026-08-01,interest_expense,15.338,Macro,output
BHCB,2026-08-01,ecr_driven_avg_balance,22.0,Macro,output
BHCB,2026-08-01,rate_driven_balance,32.39,Macro,output
BHCB,2026-09-01,interest_apy,0.3405,Macro,output
BHCB,2026-09-01,interest_expense,15.427,Macro,output
BHCB,2026-09-01,ecr_driven_avg_balance,22.0,Macro,output
BHCB,2026-09-01,rate_driven_balance,32.37,Macro,output
BHCB,2026-10-01,interest_apy,0.3351,Macro,output
BHCB,2026-10-01,interest_expense,15.177,Macro,output
BHCB,2026-10-01,ecr_driven_avg_balance,22.0,Macro,output
BHCB,2026-10-01,rate_driven_balance,32.35,Macro,output
BHCB,2026-11-01,interest_apy,0.2499,Macro,output
BHCB,2026-11-01,interest_expense,11.314,Macro,output
BHCB,2026-11-01,ecr_driven_avg_balance,22.0,Macro,output
BHCB,2026-11-01,rate_driven_balance,32.33,Macro,output
BHCB,2026-12-01,interest_apy,0.2587,Macro,output
BHCB,2026-12-01,interest_expense,11.708,Macro,output
BHCB,2026-12-01,ecr_driven_avg_balance,22.0,Macro,output
BHCB,2026-12-01,rate_driven_balance,32.31,Macro,output
BHCB,2024-01-01,interest_apy,2.0052,Portfolio,output
BHCB,2024-01-01,interest_expense,58.485,Portfolio,output
BHCB,2024-01-01,ecr_driven_avg_balance,14.0,Portfolio,output
BHCB,2024-01-01,rate_driven_balance,21.0,Portfolio,output
BHCB,2024-02-01,interest_apy,1.9808,Portfolio,output
BHCB,2024-02-01,interest_expense,57.757,Portfolio,output
BHCB,2024-02-01,ecr_driven_avg_balance,14.0,Portfolio,output
BHCB,2024-02-01,rate_driven_balance,20.99,Portfolio,output
BHCB,2024-03-01,interest_apy,1.9057,Portfolio,output
BHCB,2024-03-01,interest_expense,55.535,Portfolio,output
BHCB,2024-03-01,ecr_driven_avg_balance,14.0,Portfolio,output
BHCB,2024-03-01,rate_driven_balance,20.97,Portfolio,output
BHCB,2024-04-01,interest_apy,1.8692,Portfolio,output
BHCB,2024-04-01,interest_expense,54.456,Portfolio,output
BHCB,2024-04-01,ecr_driven_avg_balance,14.0,Portfolio,output
BHCB,2024-04-01,rate_driven_balance,20.96,Portfolio,output
BHCB,2024-05-01,interest_apy,1.8712,Portfolio,output
BHCB,2024-05-01,interest_expense,54.499,Portfolio,output
BHCB,2024-05-01,ecr_driven_avg_balance,14.0,Portfolio,output
BHCB,2024-05-01,rate_driven_balance,20.95,Portfolio,output
BHCB,2024-06-01,interest_apy,1.8319,Portfolio,output
BHCB,2024-06-01,interest_expense,53.339,Portfolio,output
BHCB,2024-06-01,ecr_driven_avg_balance,14.0,Portfolio,output
BHCB,2024-06-01,rate_driven_balance,20.94,Portfolio,output
BHCB,2024-07-01,interest_apy,1.7962,Portfolio,output
BHCB,2024-07-01,interest_expense,52.269,Portfolio,output
BHCB,2024-07-01,ecr_driven_avg_balance,14.0,Portfolio,output
BHCB,2024-07-01,rate_driven_balance,20.92,Portfolio,output
BHCB,2024-08-01,interest_apy,1.7633,Portfolio,output
BHCB,2024-08-01,interest_expense,51.297,Portfolio,output
BHCB,2024-08-01,ecr_driven_avg_balance,14.0,Portfolio,output
BHCB,2024-08-01,rate_driven_balance,20.91,Portfolio,output
BHCB,2024-09-01,interest_apy,1.708,Portfolio,output
BHCB,2024-09-01,interest_expense,49.674,Portfolio,output
BHCB,2024-09-01,ecr_driven_avg_balance,14.0,Portfolio,output
BHCB,2024-09-01,rate_driven_balance,20.9,Portfolio,output
BHCB,2024-10-01,interest_apy,1.6914,Portfolio,output
BHCB,2024-10-01,interest_expense,49.177,Portfolio,output
BHCB,2024-10-01,ecr_driven_avg_balance,14.0,Portfolio,output
BHCB,2024-10-01,rate_driven_balance,20.89,Portfolio,output
BHCB,2024-11-01,interest_apy,1.6579,Portfolio,output
BHCB,2024-11-01,interest_expense,48.176,Portfolio,output
BHCB,2024-11-01,ecr_driven_avg_balance,14.0,Portfolio,output
BHCB,2024-11-01,rate_driven_balance,20.87,Portfolio,output
BHCB,2024-12-01,interest_apy,1.6029,Portfolio,output
BHCB,2024-12-01,interest_expense,46.564,Portfolio,output
BHCB,2024-12-01,ecr_driven_avg_balance,14.0,Portfolio,output
BHCB,2024-12-01,rate_driven_balance,20.86,Portfolio,output
BHCB,2025-01-01,interest_apy,1.6197,Portfolio,output
BHCB,2025-01-01,interest_expense,47.039,Portfolio,output
BHCB,2025-01-01,ecr_driven_avg_balance,14.0,Portfolio,output
BHCB,2025-01-01,rate_driven_balance,20.85,Portfolio,output
BHCB,2025-02-01,interest_apy,1.5571,Portfolio,output
BHCB,2025-02-01,interest_expense,45.208,Portfolio,output
BHCB,2025-02-01,ecr_driven_avg_balance,14.0,Portfolio,output
BHCB,2025-02-01,rate_driven_balance,20.84,Portfolio,output
BHCB,2025-03-01,interest_apy,1.489,Portfolio,output
BHCB,2025-03-01,interest_expense,43.206,Portfolio,output
BHCB,2025-03-01,ecr_driven_avg_balance,14.0,Portfolio,output
BHCB,2025-03-01,rate_driven_balance,20.82,Portfolio,output
BHCB,2025-04-01,interest_apy,1.4911,Portfolio,output
BHCB,2025-04-01,interest_expense,43.254,Portfolio,output
BHCB,2025-04-01,ecr_driven_avg_balance,14.0,Portfolio,output
BHCB,2025-04-01,rate_driven_balance,20.81,Portfolio,output
BHCB,2025-05-01,interest_apy,1.4237,Portfolio,output
BHCB,2025-05-01,interest_expense,41.287,Portfolio,output
BHCB,2025-05-01,ecr_driven_avg_balance,14.0,Portfolio,output
BHCB,2025-05-01,rate_driven_balance,20.8,Portfolio,output
BHCB,2025-06-01,interest_apy,1.4241,Portfolio,output
BHCB,2025-06-01,interest_expense,41.287,Portfolio,output
BHCB,2025-06-01,ecr_driven_avg_balance,14.0,Portfolio,output
BHCB,2025-06-01,rate_driven_balance,20.79,Portfolio,output
BHCB,2025-07-01,interest_apy,1.3968,Portfolio,output
BHCB,2025-07-01,interest_expense,40.472,Portfolio,output
BHCB,2025-07-01,ecr_driven_avg_balance,14.0,Portfolio,output
BHCB,2025-07-01,rate_driven_balance,20.77,Portfolio,output
BHCB,2025-08-01,interest_apy,1.3224,Portfolio,output
BHCB,2025-08-01,interest_expense,38.306,Portfolio,output
BHCB,2025-08-01,ecr_driven_avg_balance,14.0,Portfolio,output
BHCB,2025-08-01,rate_driven_balance,20.76,Portfolio,output
BHCB,2025-09-01,interest_apy,1.3233,Portfolio,output
BHCB,2025-09-01,interest_expense,38.321,Portfolio,output
BHCB,2025-09-01,ecr_driven_avg_balance,14.0,Portfolio,output
BHCB,2025-09-01,rate_driven_balance,20.75,Portfolio,output
BHCB,2025-10-01,interest_apy,1.2775,Portfolio,output
BHCB,2025-10-01,interest_expense,36.984,Portfolio,output
BHCB,2025-10-01,ecr_driven_avg_balance,14.0,Portfolio,output
BHCB,2025-10-01,rate_driven_balance,20.74,Portfolio,output
BHCB,2025-11-01,interest_apy,1.2508,Portfolio,output
BHCB,2025-11-01,interest_expense,36.19,Portfolio,output
BHCB,2025-11-01,ecr_driven_avg_balance,14.0,Portfolio,output
BHCB,2025-11-01,rate_driven_balance,20.72,Portfolio,output
BHCB,2025-12-01,interest_apy,1.2375,Portfolio,output
BHCB,2025-12-01,interest_expense,35.795,Portfolio,output
BHCB,2025-12-01,ecr_driven_avg_balance,14.0,Portfolio,output
BHCB,2025-12-01,rate_driven_balance,20.71,Portfolio,output
BHCB,2026-01-01,interest_apy,1.1599,Portfolio,output
BHCB,2026-01-01,interest_expense,33.54,Portfolio,output
BHCB,2026-01-01,ecr_driven_avg_balance,14.0,Portfolio,output
BHCB,2026-01-01,rate_driven_balance,20.7,Portfolio,output
BHCB,2026-02-01,interest_apy,1.1149,Portfolio,output
BHCB,2026-02-01,interest_expense,32.221,Portfolio,output
BHCB,2026-02-01,ecr_driven_avg_balance,14.0,Portfolio,output
BHCB,2026-02-01,rate_driven_balance,20.68,Portfolio,output
BHCB,2026-03-01,interest_apy,1.0774,Portfolio,output
BHCB,2026-03-01,interest_expense,31.128,Portfolio,output
BHCB,2026-03-01,ecr_driven_avg_balance,14.0,Portfolio,output
BHCB,2026-03-01,rate_driven_balance,20.67,Portfolio,output
BHCB,2026-04-01,interest_apy,1.0441,Portfolio,output
BHCB,2026-04-01,interest_expense,30.157,Portfolio,output
BHCB,2026-04-01,ecr_driven_avg_balance,14.0,Portfolio,output
BHCB,2026-04-01,rate_driven_balance,20.66,Portfolio,output
BHCB,2026-05-01,interest_apy,1.0241,Portfolio,output
BHCB,2026-05-01,interest_expense,29.571,Portfolio,output
BHCB,2026-05-01,ecr_driven_avg_balance,14.0,Portfolio,output
BHCB,2026-05-01,rate_driven_balance,20.65,Portfolio,output
BHCB,2026-06-01,interest_apy,0.9976,Portfolio,output
BHCB,2026-06-01,interest_expense,28.789,Portfolio,output
BHCB,2026-06-01,ecr_driven_avg_balance,14.0,Portfolio,output
BHCB,2026-06-01,rate_driven_balance,20.63,Portfolio,output
BHCB,2026-07-01,interest_apy,0.9615,Portfolio,output
BHCB,2026-07-01,interest_expense,27.739,Portfolio,output
BHCB,2026-07-01,ecr_driven_avg_balance,14.0,Portfolio,output
BHCB,2026-07-01,rate_driven_balance,20.62,Portfolio,output
BHCB,2026-08-01,interest_apy,0.9377,Portfolio,output
BHCB,2026-08-01,interest_expense,27.045,Portfolio,output
BHCB,2026-08-01,ecr_driven_avg_balance,14.0,Portfolio,output
BHCB,2026-08-01,rate_driven_balance,20.61,Portfolio,output
BHCB,2026-09-01,interest_apy,0.8867,Portfolio,output
BHCB,2026-09-01,interest_expense,25.567,Portfolio,output
BHCB,2026-09-01,ecr_driven_avg_balance,14.0,Portfolio,output
BHCB,2026-09-01,rate_driven_balance,20.6,Portfolio,output
BHCB,2026-10-01,interest_apy,0.8807,Portfolio,output
BHCB,2026-10-01,interest_expense,25.379,Portfolio,output
BHCB,2026-10-01,ecr_driven_avg_balance,14.0,Portfolio,output
BHCB,2026-10-01,rate_driven_balance,20.58,Portfolio,output
BHCB,2026-11-01,interest_apy,0.8115,Portfolio,output
BHCB,2026-11-01,interest_expense,23.378,Portfolio,output
BHCB,2026-11-01,ecr_driven_avg_balance,14.0,Portfolio,output
BHCB,2026-11-01,rate_driven_balance,20.57,Portfolio,output
BHCB,2026-12-01,interest_apy,0.8364,Portfolio,output
BHCB,2026-12-01,interest_expense,24.088,Portfolio,output
BHCB,2026-12-01,ecr_driven_avg_balance,14.0,Portfolio,output
BHCB,2026-12-01,rate_driven_balance,20.56,Portfolio,output
BHCS,2024-01-01,FEDFUNDS,5.33,Macro,input
BHCS,2024-02-01,FEDFUNDS,5.37,Macro,input
BHCS,2024-03-01,FEDFUNDS,5.41,Macro,input
BHCS,2024-04-01,FEDFUNDS,5.45,Macro,input
BHCS,2024-05-01,FEDFUNDS,5.49,Macro,input
BHCS,2024-06-01,FEDFUNDS,5.53,Macro,input
BHCS,2024-07-01,FEDFUNDS,5.57,Macro,input
BHCS,2024-08-01,FEDFUNDS,5.61,Macro,input
BHCS,2024-09-01,FEDFUNDS,5.65,Macro,input
BHCS,2024-10-01,FEDFUNDS,5.69,Macro,input
BHCS,2024-11-01,FEDFUNDS,5.635,Macro,input
BHCS,2024-12-01,FEDFUNDS,5.58,Macro,input
BHCS,2025-01-01,FEDFUNDS,5.525,Macro,input
BHCS,2025-02-01,FEDFUNDS,5.47,Macro,input
BHCS,2025-03-01,FEDFUNDS,5.415,Macro,input
BHCS,2025-04-01,FEDFUNDS,5.36,Macro,input
BHCS,2025-05-01,FEDFUNDS,5.305,Macro,input
BHCS,2025-06-01,FEDFUNDS,5.25,Macro,input
BHCS,2025-07-01,FEDFUNDS,5.195,Macro,input
BHCS,2025-08-01,FEDFUNDS,5.14,Macro,input
BHCS,2025-09-01,FEDFUNDS,5.085,Macro,input
BHCS,2025-10-01,FEDFUNDS,5.03,Macro,input
BHCS,2025-11-01,FEDFUNDS,4.975,Macro,input
BHCS,2025-12-01,FEDFUNDS,4.92,Macro,input
BHCS,2026-01-01,FEDFUNDS,4.865,Macro,input
BHCS,2026-02-01,FEDFUNDS,4.81,Macro,input
BHCS,2026-03-01,FEDFUNDS,4.755,Macro,input
BHCS,2026-04-01,FEDFUNDS,4.7,Macro,input
BHCS,2026-05-01,FEDFUNDS,4.645,Macro,input
BHCS,2026-06-01,FEDFUNDS,4.59,Macro,input
BHCS,2026-07-01,FEDFUNDS,4.535,Macro,input
BHCS,2026-08-01,FEDFUNDS,4.48,Macro,input
BHCS,2026-09-01,FEDFUNDS,4.425,Macro,input
BHCS,2026-10-01,FEDFUNDS,4.37,Macro,input
BHCS,2026-11-01,FEDFUNDS,4.315,Macro,input
BHCS,2026-12-01,FEDFUNDS,4.26,Macro,input
BHCS,2024-01-01,interest_apy,1.8125,GB,output
BHCS,2024-01-01,interest_expense,63.438,GB,output
BHCS,2024-01-01,ecr_driven_avg_balance,16.8,GB,output
BHCS,2024-01-01,rate_driven_balance,25.2,GB,output
BHCS,2024-02-01,interest_apy,1.8049,GB,output
BHCS,2024-02-01,interest_expense,63.172,GB,output
BHCS,2024-02-01,ecr_driven_avg_balance,16.79,GB,output
BHCS,2024-02-01,rate_driven_balance,25.21,GB,output
BHCS,2024-03-01,interest_apy,1.8226,GB,output
BHCS,2024-03-01,interest_expense,63.791,GB,output
BHCS,2024-03-01,ecr_driven_avg_balance,16.78,GB,output
BHCS,2024-03-01,rate_driven_balance,25.22,GB,output
BHCS,2024-04-01,interest_apy,1.8756,GB,output
BHCS,2024-04-01,interest_expense,65.646,GB,output
BHCS,2024-04-01,ecr_driven_avg_balance,16.77,GB,output
BHCS,2024-04-01,rate_driven_balance,25.23,GB,output
BHCS,2024-05-01,interest_apy,1.8835,GB,output
BHCS,2024-05-01,interest_expense,65.922,GB,output
BHCS,2024-05-01,ecr_driven_avg_balance,16.76,GB,output
BHCS,2024-05-01,rate_driven_balance,25.24,GB,output
BHCS,2024-06-01,interest_apy,1.9243,GB,output
BHCS,2024-06-01,interest_expense,67.35,GB,output
BHCS,2024-06-01,ecr_driven_avg_balance,16.75,GB,output
BHCS,2024-06-01,rate_driven_balance,25.25,GB,output
BHCS,2024-07-01,interest_apy,1.9415,GB,output
BHCS,2024-07-01,interest_expense,67.953,GB,output
BHCS,2024-07-01,ecr_driven_avg_balance,16.74,GB,output
BHCS,2024-07-01,rate_driven_balance,25.26,GB,output
BHCS,2024-08-01,interest_apy,1.9525,GB,output
BHCS,2024-08-01,interest_expense,68.338,GB,output
BHCS,2024-08-01,ecr_driven_avg_balance,16.73,GB,output
BHCS,2024-08-01,rate_driven_balance,25.27,GB,output
BHCS,2024-09-01,interest_apy,1.9591,GB,output
BHCS,2024-09-01,interest_expense,68.569,GB,output
BHCS,2024-09-01,ecr_driven_avg_balance,16.72,GB,output
BHCS,2024-09-01,rate_driven_balance,25.28,GB,output
BHCS,2024-10-01,interest_apy,1.9677,GB,output
BHCS,2024-10-01,interest_expense,68.87,GB,output
BHCS,2024-10-01,ecr_driven_avg_balance,16.71,GB,output
BHCS,2024-10-01,rate_driven_balance,25.29,GB,output
BHCS,2024-11-01,interest_apy,1.9588,GB,output
BHCS,2024-11-01,interest_expense,68.558,GB,output
BHCS,2024-11-01,ecr_driven_avg_balance,16.72,GB,output
BHCS,2024-11-01,rate_driven_balance,25.28,GB,output
BHCS,2024-12-01,interest_apy,1.9546,GB,output
BHCS,2024-12-01,interest_expense,68.411,GB,output
BHCS,2024-12-01,ecr_driven_avg_balance,16.74,GB,output
BHCS,2024-12-01,rate_driven_balance,25.26,GB,output
BHCS,2025-01-01,interest_apy,1.9115,GB,output
BHCS,2025-01-01,interest_expense,66.903,GB,output
BHCS,2025-01-01,ecr_driven_avg_balance,16.75,GB,output
BHCS,2025-01-01,rate_driven_balance,25.25,GB,output
BHCS,2025-02-01,interest_apy,1.8521,GB,output
BHCS,2025-02-01,interest_expense,64.823,GB,output
BHCS,2025-02-01,ecr_driven_avg_balance,16.76,GB,output
BHCS,2025-02-01,rate_driven_balance,25.24,GB,output
BHCS,2025-03-01,interest_apy,1.8502,GB,output
BHCS,2025-03-01,interest_expense,64.757,GB,output
BHCS,2025-03-01,ecr_driven_avg_balance,16.78,GB,output
BHCS,2025-03-01,rate_driven_balance,25.22,GB,output
BHCS,2025-04-01,interest_apy,1.8242,GB,output
BHCS,2025-04-01,interest_expense,63.847,GB,output
BHCS,2025-04-01,ecr_driven_avg_balance,16.79,GB,output
BHCS,2025-04-01,rate_driven_balance,25.21,GB,output
BHCS,2025-05-01,interest_apy,1.7686,GB,output
BHCS,2025-05-01,interest_expense,61.886,GB,output
BHCS,2025-05-01,ecr_driven_avg_balance,16.8,GB,output
BHCS,2025-05-01,rate_driven_balance,25.19,GB,output
BHCS,2025-06-01,interest_apy,1.7591,GB,output
BHCS,2025-06-01,interest_expense,61.539,GB,output
BHCS,2025-06-01,ecr_driven_avg_balance,16.8,GB,output
BHCS,2025-06-01,rate_driven_balance,25.18,GB,output
BHCS,2025-07-01,interest_apy,1.7269,GB,output
BHCS,2025-07-01,interest_expense,60.398,GB,output
BHCS,2025-07-01,ecr_driven_avg_balance,16.8,GB,output
BHCS,2025-07-01,rate_driven_balance,25.17,GB,output
BHCS,2025-08-01,interest_apy,1.6726,GB,output
BHCS,2025-08-01,interest_expense,58.471,GB,output
BHCS,2025-08-01,ecr_driven_avg_balance,16.8,GB,output
BHCS,2025-08-01,rate_driven_balance,25.15,GB,output
BHCS,2025-09-01,interest_apy,1.6724,GB,output
BHCS,2025-09-01,interest_expense,58.45,GB,output
BHCS,2025-09-01,ecr_driven_avg_balance,16.8,GB,output
BHCS,2025-09-01,rate_driven_balance,25.14,GB,output
BHCS,2025-10-01,interest_apy,1.6462,GB,output
BHCS,2025-10-01,interest_expense,57.507,GB,output
BHCS,2025-10-01,ecr_driven_avg_balance,16.8,GB,output
BHCS,2025-10-01,rate_driven_balance,25.12,GB,output
BHCS,2025-11-01,interest_apy,1.6264,GB,output
BHCS,2025-11-01,interest_expense,56.802,GB,output
BHCS,2025-11-01,ecr_driven_avg_balance,16.8,GB,output
BHCS,2025-11-01,rate_driven_balance,25.11,GB,output
BHCS,2025-12-01,interest_apy,1.5956,GB,output
BHCS,2025-12-01,interest_expense,55.713,GB,output
BHCS,2025-12-01,ecr_driven_avg_balance,16.8,GB,output
BHCS,2025-12-01,rate_driven_balance,25.1,GB,output
BHCS,2026-01-01,interest_apy,1.5167,GB,output
BHCS,2026-01-01,interest_expense,52.933,GB,output
BHCS,2026-01-01,ecr_driven_avg_balance,16.8,GB,output
BHCS,2026-01-01,rate_driven_balance,25.08,GB,output
BHCS,2026-02-01,interest_apy,1.4952,GB,output
BHCS,2026-02-01,interest_expense,52.17,GB,output
BHCS,2026-02-01,ecr_driven_avg_balance,16.8,GB,output
BHCS,2026-02-01,rate_driven_balance,25.07,GB,output
BHCS,2026-03-01,interest_apy,1.4941,GB,output
BHCS,2026-03-01,interest_expense,52.119,GB,output
BHCS,2026-03-01,ecr_driven_avg_balance,16.8,GB,output
BHCS,2026-03-01,rate_driven_balance,25.06,GB,output
BHCS,2026-04-01,interest_apy,1.4638,GB,output
BHCS,2026-04-01,interest_expense,51.038,GB,output
BHCS,2026-04-01,ecr_driven_avg_balance,16.8,GB,output
BHCS,2026-04-01,rate_driven_balance,25.04,GB,output
BHCS,2026-05-01,interest_apy,1.4336,GB,output
BHCS,2026-05-01,interest_expense,49.973,GB,output
BHCS,2026-05-01,ecr_driven_avg_balance,16.8,GB,output
BHCS,2026-05-01,rate_driven_balance,25.03,GB,output
BHCS,2026-06-01,interest_apy,1.4701,GB,output
BHCS,2026-06-01,interest_expense,51.221,GB,output
BHCS,2026-06-01,ecr_driven_avg_balance,16.8,GB,output
BHCS,2026-06-01,rate_driven_balance,25.01,GB,output
BHCS,2026-07-01,interest_apy,1.3742,GB,output
BHCS,2026-07-01,interest_expense,47.868,GB,output
BHCS,2026-07-01,ecr_driven_avg_balance,16.8,GB,output
BHCS,2026-07-01,rate_driven_balance,25.0,GB,output
BHCS,2026-08-01,interest_apy,1.3552,GB,output
BHCS,2026-08-01,interest_expense,47.195,GB,output
BHCS,2026-08-01,ecr_driven_avg_balance,16.8,GB,output
BHCS,2026-08-01,rate_driven_balance,24.99,GB,output
BHCS,2026-09-01,interest_apy,1.3213,GB,output
BHCS,2026-09-01,interest_expense,45.992,GB,output
BHCS,2026-09-01,ecr_driven_avg_balance,16.8,GB,output
BHCS,2026-09-01,rate_driven_balance,24.97,GB,output
BHCS,2026-10-01,interest_apy,1.285,GB,output
BHCS,2026-10-01,interest_expense,44.718,GB,output
BHCS,2026-10-01,ecr_driven_avg_balance,16.8,GB,output
BHCS,2026-10-01,rate_driven_balance,24.96,GB,output
BHCS,2026-11-01,interest_apy,1.2354,GB,output
BHCS,2026-11-01,interest_expense,42.971,GB,output
BHCS,2026-11-01,ecr_driven_avg_balance,16.8,GB,output
BHCS,2026-11-01,rate_driven_balance,24.94,GB,output
BHCS,2026-12-01,interest_apy,1.2267,GB,output
BHCS,2026-12-01,interest_expense,42.658,GB,output
BHCS,2026-12-01,ecr_driven_avg_balance,16.8,GB,output
BHCS,2026-12-01,rate_driven_balance,24.93,GB,output
BHCS,2024-01-01,interest_apy,2.0845,NON-GB,output
BHCS,2024-01-01,interest_expense,49.507,NON-GB,output
BHCS,2024-01-01,ecr_driven_avg_balance,11.4,NON-GB,output
BHCS,2024-01-01,rate_driven_balance,17.1,NON-GB,output
BHCS,2024-02-01,interest_apy,2.1201,NON-GB,output
BHCS,2024-02-01,interest_expense,50.352,NON-GB,output
BHCS,2024-02-01,ecr_driven_avg_balance,11.39,NON-GB,output
BHCS,2024-02-01,rate_driven_balance,17.11,NON-GB,output
BHCS,2024-03-01,interest_apy,2.1399,NON-GB,output
BHCS,2024-03-01,interest_expense,50.823,NON-GB,output
BHCS,2024-03-01,ecr_driven_avg_balance,11.39,NON-GB,output
BHCS,2024-03-01,rate_driven_balance,17.11,NON-GB,output
BHCS,2024-04-01,interest_apy,2.176,NON-GB,output
BHCS,2024-04-01,interest_expense,51.68,NON-GB,output
BHCS,2024-04-01,ecr_driven_avg_balance,11.38,NON-GB,output
BHCS,2024-04-01,rate_driven_balance,17.12,NON-GB,output
BHCS,2024-05-01,interest_apy,2.2455,NON-GB,output
BHCS,2024-05-01,interest_expense,53.331,NON-GB,output
BHCS,2024-05-01,ecr_driven_avg_balance,11.37,NON-GB,output
BHCS,2024-05-01,rate_driven_balance,17.13,NON-GB,output
BHCS,2024-06-01,interest_apy,2.1867,NON-GB,output
BHCS,2024-06-01,interest_expense,51.934,NON-GB,output
BHCS,2024-06-01,ecr_driven_avg_balance,11.37,NON-GB,output
BHCS,2024-06-01,rate_driven_balance,17.13,NON-GB,output
BHCS,2024-07-01,interest_apy,2.2625,NON-GB,output
BHCS,2024-07-01,interest_expense,53.734,NON-GB,output
BHCS,2024-07-01,ecr_driven_avg_balance,11.36,NON-GB,output
BHCS,2024-07-01,rate_driven_balance,17.14,NON-GB,output
BHCS,2024-08-01,interest_apy,2.2413,NON-GB,output
BHCS,2024-08-01,interest_expense,53.231,NON-GB,output
BHCS,2024-08-01,ecr_driven_avg_balance,11.35,NON-GB,output
BHCS,2024-08-01,rate_driven_balance,17.15,NON-GB,output
BHCS,2024-09-01,interest_apy,2.289,NON-GB,output
BHCS,2024-09-01,interest_expense,54.364,NON-GB,output
BHCS,2024-09-01,ecr_driven_avg_balance,11.35,NON-GB,output
BHCS,2024-09-01,rate_driven_balance,17.15,NON-GB,output
BHCS,2024-10-01,interest_apy,2.345,NON-GB,output
BHCS,2024-10-01,interest_expense,55.694,NON-GB,output
BHCS,2024-10-01,ecr_driven_avg_balance,11.34,NON-GB,output
BHCS,2024-10-01,rate_driven_balance,17.16,NON-GB,output
BHCS,2024-11-01,interest_apy,2.2904,NON-GB,output
BHCS,2024-11-01,interest_expense,54.397,NON-GB,output
BHCS,2024-11-01,ecr_driven_avg_balance,11.35,NON-GB,output
BHCS,2024-11-01,rate_driven_balance,17.15,NON-GB,output
BHCS,2024-12-01,interest_apy,2.2334,NON-GB,output
BHCS,2024-12-01,interest_expense,53.043,NON-GB,output
BHCS,2024-12-01,ecr_driven_avg_balance,11.36,NON-GB,output
BHCS,2024-12-01,rate_driven_balance,17.14,NON-GB,output
BHCS,2025-01-01,interest_apy,2.2066,NON-GB,output
BHCS,2025-01-01,interest_expense,52.407,NON-GB,output
BHCS,2025-01-01,ecr_driven_avg_balance,11.37,NON-GB,output
BHCS,2025-01-01,rate_driven_balance,17.13,NON-GB,output
BHCS,2025-02-01,interest_apy,2.2004,NON-GB,output
BHCS,2025-02-01,interest_expense,52.26,NON-GB,output
BHCS,2025-02-01,ecr_driven_avg_balance,11.38,NON-GB,output
BHCS,2025-02-01,rate_driven_balance,17.12,NON-GB,output
BHCS,2025-03-01,interest_apy,2.1381,NON-GB,output
BHCS,2025-03-01,interest_expense,50.78,NON-GB,output
BHCS,2025-03-01,ecr_driven_avg_balance,11.39,NON-GB,output
BHCS,2025-03-01,rate_driven_balance,17.11,NON-GB,output
BHCS,2025-04-01,interest_apy,2.1229,NON-GB,output
BHCS,2025-04-01,interest_expense,50.419,NON-GB,output
BHCS,2025-04-01,ecr_driven_avg_balance,11.39,NON-GB,output
BHCS,2025-04-01,rate_driven_balance,17.11,NON-GB,output
BHCS,2025-05-01,interest_apy,2.0854,NON-GB,output
BHCS,2025-05-01,interest_expense,49.528,NON-GB,output
BHCS,2025-05-01,ecr_driven_avg_balance,11.4,NON-GB,output
BHCS,2025-05-01,rate_driven_balance,17.1,NON-GB,output
BHCS,2025-06-01,interest_apy,2.0374,NON-GB,output
BHCS,2025-06-01,interest_expense,48.371,NON-GB,output
BHCS,2025-06-01,ecr_driven_avg_balance,11.4,NON-GB,output
BHCS,2025-06-01,rate_driven_balance,17.09,NON-GB,output
BHCS,2025-07-01,interest_apy,2.0592,NON-GB,output
BHCS,2025-07-01,interest_expense,48.872,NON-GB,output
BHCS,2025-07-01,ecr_driven_avg_balance,11.4,NON-GB,output
BHCS,2025-07-01,rate_driven_balance,17.08,NON-GB,output
BHCS,2025-08-01,interest_apy,1.9949,NON-GB,output
BHCS,2025-08-01,interest_expense,47.329,NON-GB,output
BHCS,2025-08-01,ecr_driven_avg_balance,11.4,NON-GB,output
BHCS,2025-08-01,rate_driven_balance,17.07,NON-GB,output
BHCS,2025-09-01,interest_apy,1.9076,NON-GB,output
BHCS,2025-09-01,interest_expense,45.242,NON-GB,output
BHCS,2025-09-01,ecr_driven_avg_balance,11.4,NON-GB,output
BHCS,2025-09-01,rate_driven_balance,17.06,NON-GB,output
BHCS,2025-10-01,interest_apy,1.9177,NON-GB,output
BHCS,2025-10-01,interest_expense,45.465,NON-GB,output
BHCS,2025-10-01,ecr_driven_avg_balance,11.4,NON-GB,output
BHCS,2025-10-01,rate_driven_balance,17.05,NON-GB,output
BHCS,2025-11-01,interest_apy,1.8667,NON-GB,output
BHCS,2025-11-01,interest_expense,44.241,NON-GB,output
BHCS,2025-11-01,ecr_driven_avg_balance,11.4,NON-GB,output
BHCS,2025-11-01,rate_driven_balance,17.04,NON-GB,output
BHCS,2025-12-01,interest_apy,1.8628,NON-GB,output
BHCS,2025-12-01,interest_expense,44.133,NON-GB,output
BHCS,2025-12-01,ecr_driven_avg_balance,11.4,NON-GB,output
BHCS,2025-12-01,rate_driven_balance,17.03,NON-GB,output
BHCS,2026-01-01,interest_apy,1.7958,NON-GB,output
BHCS,2026-01-01,interest_expense,42.531,NON-GB,output
BHCS,2026-01-01,ecr_driven_avg_balance,11.4,NON-GB,output
BHCS,2026-01-01,rate_driven_balance,17.02,NON-GB,output
BHCS,2026-02-01,interest_apy,1.7753,NON-GB,output
BHCS,2026-02-01,interest_expense,42.03,NON-GB,output
BHCS,2026-02-01,ecr_driven_avg_balance,11.4,NON-GB,output
BHCS,2026-02-01,rate_driven_balance,17.01,NON-GB,output
BHCS,2026-03-01,interest_apy,1.7536,NON-GB,output
BHCS,2026-03-01,interest_expense,41.502,NON-GB,output
BHCS,2026-03-01,ecr_driven_avg_balance,11.4,NON-GB,output
BHCS,2026-03-01,rate_driven_balance,17.0,NON-GB,output
BHCS,2026-04-01,interest_apy,1.7267,NON-GB,output
BHCS,2026-04-01,interest_expense,40.851,NON-GB,output
BHCS,2026-04-01,ecr_driven_avg_balance,11.4,NON-GB,output
BHCS,2026-04-01,rate_driven_balance,16.99,NON-GB,output
BHCS,2026-05-01,interest_apy,1.6513,NON-GB,output
BHCS,2026-05-01,interest_expense,39.053,NON-GB,output
BHCS,2026-05-01,ecr_driven_avg_balance,11.4,NON-GB,output
BHCS,2026-05-01,rate_driven_balance,16.98,NON-GB,output
BHCS,2026-06-01,interest_apy,1.6345,NON-GB,output
BHCS,2026-06-01,interest_expense,38.642,NON-GB,output
BHCS,2026-06-01,ecr_driven_avg_balance,11.4,NON-GB,output
BHCS,2026-06-01,rate_driven_balance,16.97,NON-GB,output
BHCS,2026-07-01,interest_apy,1.5976,NON-GB,output
BHCS,2026-07-01,interest_expense,37.757,NON-GB,output
BHCS,2026-07-01,ecr_driven_avg_balance,11.4,NON-GB,output
BHCS,2026-07-01,rate_driven_balance,16.96,NON-GB,output
BHCS,2026-08-01,interest_apy,1.5599,NON-GB,output
BHCS,2026-08-01,interest_expense,36.853,NON-GB,output
BHCS,2026-08-01,ecr_driven_avg_balance,11.4,NON-GB,output
BHCS,2026-08-01,rate_driven_balance,16.95,NON-GB,output
BHCS,2026-09-01,interest_apy,1.5742,NON-GB,output
BHCS,2026-09-01,interest_expense,37.19,NON-GB,output
BHCS,2026-09-01,ecr_driven_avg_balance,11.4,NON-GB,output
BHCS,2026-09-01,rate_driven_balance,16.95,NON-GB,output
BHCS,2026-10-01,interest_apy,1.5129,NON-GB,output
BHCS,2026-10-01,interest_expense,35.73,NON-GB,output
BHCS,2026-10-01,ecr_driven_avg_balance,11.4,NON-GB,output
BHCS,2026-10-01,rate_driven_balance,16.94,NON-GB,output
BHCS,2026-11-01,interest_apy,1.4455,NON-GB,output
BHCS,2026-11-01,interest_expense,34.126,NON-GB,output
BHCS,2026-11-01,ecr_driven_avg_balance,11.4,NON-GB,output
BHCS,2026-11-01,rate_driven_balance,16.93,NON-GB,output
BHCS,2026-12-01,interest_apy,1.455,NON-GB,output
BHCS,2026-12-01,interest_expense,34.338,NON-GB,output
BHCS,2026-12-01,ecr_driven_avg_balance,11.4,NON-GB,output
BHCS,2026-12-01,rate_driven_balance,16.92,NON-GB,output
BHCS,2024-01-01,interest_apy,3.5424,HYMM,output
BHCS,2024-01-01,interest_expense,44.28,HYMM,output
BHCS,2024-01-01,ecr_driven_avg_balance,6.0,HYMM,output
BHCS,2024-01-01,rate_driven_balance,9.0,HYMM,output
BHCS,2024-02-01,interest_apy,3.5526,HYMM,output
BHCS,2024-02-01,interest_expense,44.408,HYMM,output
BHCS,2024-02-01,ecr_driven_avg_balance,6.0,HYMM,output
BHCS,2024-02-01,rate_driven_balance,9.0,HYMM,output
BHCS,2024-03-01,interest_apy,3.5336,HYMM,output
BHCS,2024-03-01,interest_expense,44.17,HYMM,output
BHCS,2024-03-01,ecr_driven_avg_balance,5.99,HYMM,output
BHCS,2024-03-01,rate_driven_balance,9.01,HYMM,output
BHCS,2024-04-01,interest_apy,3.5863,HYMM,output
BHCS,2024-04-01,interest_expense,44.829,HYMM,output
BHCS,2024-04-01,ecr_driven_avg_balance,5.99,HYMM,output
BHCS,2024-04-01,rate_driven_balance,9.01,HYMM,output
BHCS,2024-05-01,interest_apy,3.6533,HYMM,output
BHCS,2024-05-01,interest_expense,45.666,HYMM,output
BHCS,2024-05-01,ecr_driven_avg_balance,5.99,HYMM,output
BHCS,2024-05-01,rate_driven_balance,9.01,HYMM,output
BHCS,2024-06-01,interest_apy,3.6458,HYMM,output
BHCS,2024-06-01,interest_expense,45.572,HYMM,output
BHCS,2024-06-01,ecr_driven_avg_balance,5.98,HYMM,output
BHCS,2024-06-01,rate_driven_balance,9.02,HYMM,output
BHCS,2024-07-01,interest_apy,3.7009,HYMM,output
BHCS,2024-07-01,interest_expense,46.261,HYMM,output
BHCS,2024-07-01,ecr_driven_avg_balance,5.98,HYMM,output
BHCS,2024-07-01,rate_driven_balance,9.02,HYMM,output
BHCS,2024-08-01,interest_apy,3.7395,HYMM,output
BHCS,2024-08-01,interest_expense,46.744,HYMM,output
BHCS,2024-08-01,ecr_driven_avg_balance,5.97,HYMM,output
BHCS,2024-08-01,rate_driven_balance,9.03,HYMM,output
BHCS,2024-09-01,interest_apy,3.7375,HYMM,output
BHCS,2024-09-01,interest_expense,46.719,HYMM,output
BHCS,2024-09-01,ecr_driven_avg_balance,5.97,HYMM,output
BHCS,2024-09-01,rate_driven_balance,9.03,HYMM,output
BHCS,2024-10-01,interest_apy,3.7868,HYMM,output
BHCS,2024-10-01,interest_expense,47.335,HYMM,output
BHCS,2024-10-01,ecr_driven_avg_balance,5.97,HYMM,output
BHCS,2024-10-01,rate_driven_balance,9.03,HYMM,output
BHCS,2024-11-01,interest_apy,3.6792,HYMM,output
BHCS,2024-11-01,interest_expense,45.99,HYMM,output
BHCS,2024-11-01,ecr_driven_avg_balance,5.97,HYMM,output
BHCS,2024-11-01,rate_driven_balance,9.03,HYMM,output
BHCS,2024-12-01,interest_apy,3.6795,HYMM,output
BHCS,2024-12-01,interest_expense,45.994,HYMM,output
BHCS,2024-12-01,ecr_driven_avg_balance,5.98,HYMM,output
BHCS,2024-12-01,rate_driven_balance,9.02,HYMM,output
BHCS,2025-01-01,interest_apy,3.6509,HYMM,output
BHCS,2025-01-01,interest_expense,45.636,HYMM,output
BHCS,2025-01-01,ecr_driven_avg_balance,5.98,HYMM,output
BHCS,2025-01-01,rate_driven_balance,9.02,HYMM,output
BHCS,2025-02-01,interest_apy,3.587,HYMM,output
BHCS,2025-02-01,interest_expense,44.838,HYMM,output
BHCS,2025-02-01,ecr_driven_avg_balance,5.99,HYMM,output
BHCS,2025-02-01,rate_driven_balance,9.01,HYMM,output
BHCS,2025-03-01,interest_apy,3.6006,HYMM,output
BHCS,2025-03-01,interest_expense,45.008,HYMM,output
BHCS,2025-03-01,ecr_driven_avg_balance,5.99,HYMM,output
BHCS,2025-03-01,rate_driven_balance,9.01,HYMM,output
BHCS,2025-04-01,interest_apy,3.4954,HYMM,output
BHCS,2025-04-01,interest_expense,43.692,HYMM,output
BHCS,2025-04-01,ecr_driven_avg_balance,6.0,HYMM,output
BHCS,2025-04-01,rate_driven_balance,9.0,HYMM,output
BHCS,2025-05-01,interest_apy,3.4712,HYMM,output
BHCS,2025-05-01,interest_expense,43.39,HYMM,output
BHCS,2025-05-01,ecr_driven_avg_balance,6.0,HYMM,output
BHCS,2025-05-01,rate_driven_balance,9.0,HYMM,output
BHCS,2025-06-01,interest_apy,3.4386,HYMM,output
BHCS,2025-06-01,interest_expense,42.954,HYMM,output
BHCS,2025-06-01,ecr_driven_avg_balance,6.0,HYMM,output
BHCS,2025-06-01,rate_driven_balance,8.99,HYMM,output
BHCS,2025-07-01,interest_apy,3.4208,HYMM,output
BHCS,2025-07-01,interest_expense,42.731,HYMM,output
BHCS,2025-07-01,ecr_driven_avg_balance,6.0,HYMM,output
BHCS,2025-07-01,rate_driven_balance,8.99,HYMM,output
BHCS,2025-08-01,interest_apy,3.3193,HYMM,output
BHCS,2025-08-01,interest_expense,41.436,HYMM,output
BHCS,2025-08-01,ecr_driven_avg_balance,6.0,HYMM,output
BHCS,2025-08-01,rate_driven_balance,8.98,HYMM,output
BHCS,2025-09-01,interest_apy,3.3273,HYMM,output
BHCS,2025-09-01,interest_expense,41.536,HYMM,output
BHCS,2025-09-01,ecr_driven_avg_balance,6.0,HYMM,output
BHCS,2025-09-01,rate_driven_balance,8.98,HYMM,output
BHCS,2025-10-01,interest_apy,3.2602,HYMM,output
BHCS,2025-10-01,interest_expense,40.671,HYMM,output
BHCS,2025-10-01,ecr_driven_avg_balance,6.0,HYMM,output
BHCS,2025-10-01,rate_driven_balance,8.97,HYMM,output
BHCS,2025-11-01,interest_apy,3.1964,HYMM,output
BHCS,2025-11-01,interest_expense,39.875,HYMM,output
BHCS,2025-11-01,ecr_driven_avg_balance,6.0,HYMM,output
BHCS,2025-11-01,rate_driven_balance,8.97,HYMM,output
BHCS,2025-12-01,interest_apy,3.1812,HYMM,output
BHCS,2025-12-01,interest_expense,39.659,HYMM,output
BHCS,2025-12-01,ecr_driven_avg_balance,6.0,HYMM,output
BHCS,2025-12-01,rate_driven_balance,8.96,HYMM,output
BHCS,2026-01-01,interest_apy,3.132,HYMM,output
BHCS,2026-01-01,interest_expense,39.046,HYMM,output
BHCS,2026-01-01,ecr_driven_avg_balance,6.0,HYMM,output
BHCS,2026-01-01,rate_driven_balance,8.96,HYMM,output
BHCS,2026-02-01,interest_apy,3.072,HYMM,output
BHCS,2026-02-01,interest_expense,38.272,HYMM,output
BHCS,2026-02-01,ecr_driven_avg_balance,6.0,HYMM,output
BHCS,2026-02-01,rate_driven_balance,8.95,HYMM,output
BHCS,2026-03-01,interest_apy,3.0414,HYMM,output
BHCS,2026-03-01,interest_expense,37.891,HYMM,output
BHCS,2026-03-01,ecr_driven_avg_balance,6.0,HYMM,output
BHCS,2026-03-01,rate_driven_balance,8.95,HYMM,output
BHCS,2026-04-01,interest_apy,2.9883,HYMM,output
BHCS,2026-04-01,interest_expense,37.204,HYMM,output
BHCS,2026-04-01,ecr_driven_avg_balance,6.0,HYMM,output
BHCS,2026-04-01,rate_driven_balance,8.94,HYMM,output
BHCS,2026-05-01,interest_apy,2.9543,HYMM,output
BHCS,2026-05-01,interest_expense,36.781,HYMM,output
BHCS,2026-05-01,ecr_driven_avg_balance,6.0,HYMM,output
BHCS,2026-05-01,rate_driven_balance,8.94,HYMM,output
BHCS,2026-06-01,interest_apy,2.9212,HYMM,output
BHCS,2026-06-01,interest_expense,36.345,HYMM,output
BHCS,2026-06-01,ecr_driven_avg_balance,6.0,HYMM,output
BHCS,2026-06-01,rate_driven_balance,8.93,HYMM,output
BHCS,2026-07-01,interest_apy,2.8957,HYMM,output
BHCS,2026-07-01,interest_expense,36.027,HYMM,output
BHCS,2026-07-01,ecr_driven_avg_balance,6.0,HYMM,output
BHCS,2026-07-01,rate_driven_balance,8.93,HYMM,output
BHCS,2026-08-01,interest_apy,2.7952,HYMM,output
BHCS,2026-08-01,interest_expense,34.754,HYMM,output
BHCS,2026-08-01,ecr_driven_avg_balance,6.0,HYMM,output
BHCS,2026-08-01,rate_driven_balance,8.92,HYMM,output
BHCS,2026-09-01,interest_apy,2.8187,HYMM,output
BHCS,2026-09-01,interest_expense,35.046,HYMM,output
BHCS,2026-09-01,ecr_driven_avg_balance,6.0,HYMM,output
BHCS,2026-09-01,rate_driven_balance,8.92,HYMM,output
BHCS,2026-10-01,interest_apy,2.693,HYMM,output
BHCS,2026-10-01,interest_expense,33.461,HYMM,output
BHCS,2026-10-01,ecr_driven_avg_balance,6.0,HYMM,output
BHCS,2026-10-01,rate_driven_balance,8.91,HYMM,output
BHCS,2026-11-01,interest_apy,2.685,HYMM,output
BHCS,2026-11-01,interest_expense,33.361,HYMM,output
BHCS,2026-11-01,ecr_driven_avg_balance,6.0,HYMM,output
BHCS,2026-11-01,rate_driven_balance,8.91,HYMM,output
BHCS,2026-12-01,interest_apy,2.6558,HYMM,output
BHCS,2026-12-01,interest_expense,32.976,HYMM,output
BHCS,2026-12-01,ecr_driven_avg_balance,6.0,HYMM,output
BHCS,2026-12-01,rate_driven_balance,8.9,HYMM,output
BHCS,2024-01-01,interest_apy,1.2056,Macro,output
BHCS,2024-01-01,interest_expense,55.257,Macro,output
BHCS,2024-01-01,ecr_driven_avg_balance,22.0,Macro,output
BHCS,2024-01-01,rate_driven_balance,33.0,Macro,output
BHCS,2024-02-01,interest_apy,1.2055,Macro,output
BHCS,2024-02-01,interest_expense,55.252,Macro,output
BHCS,2024-02-01,ecr_driven_avg_balance,21.99,Macro,output
BHCS,2024-02-01,rate_driven_balance,33.01,Macro,output
BHCS,2024-03-01,interest_apy,1.2318,Macro,output
BHCS,2024-03-01,interest_expense,56.458,Macro,output
BHCS,2024-03-01,ecr_driven_avg_balance,21.97,Macro,output
BHCS,2024-03-01,rate_driven_balance,33.03,Macro,output
BHCS,2024-04-01,interest_apy,1.2441,Macro,output
BHCS,2024-04-01,interest_expense,57.021,Macro,output
BHCS,2024-04-01,ecr_driven_avg_balance,21.96,Macro,output
BHCS,2024-04-01,rate_driven_balance,33.04,Macro,output
BHCS,2024-05-01,interest_apy,1.2602,Macro,output
BHCS,2024-05-01,interest_expense,57.759,Macro,output
BHCS,2024-05-01,ecr_driven_avg_balance,21.95,Macro,output
BHCS,2024-05-01,rate_driven_balance,33.05,Macro,output
BHCS,2024-06-01,interest_apy,1.307,Macro,output
BHCS,2024-06-01,interest_expense,59.904,Macro,output
BHCS,2024-06-01,ecr_driven_avg_balance,21.93,Macro,output
BHCS,2024-06-01,rate_driven_balance,33.07,Macro,output
BHCS,2024-07-01,interest_apy,1.3151,Macro,output
BHCS,2024-07-01,interest_expense,60.275,Macro,output
BHCS,2024-07-01,ecr_driven_avg_balance,21.92,Macro,output
BHCS,2024-07-01,rate_driven_balance,33.08,Macro,output
BHCS,2024-08-01,interest_apy,1.3121,Macro,output
BHCS,2024-08-01,interest_expense,60.138,Macro,output
BHCS,2024-08-01,ecr_driven_avg_balance,21.91,Macro,output
BHCS,2024-08-01,rate_driven_balance,33.09,Macro,output
BHCS,2024-09-01,interest_apy,1.362,Macro,output
BHCS,2024-09-01,interest_expense,62.425,Macro,output
BHCS,2024-09-01,ecr_driven_avg_balance,21.89,Macro,output
BHCS,2024-09-01,rate_driven_balance,33.11,Macro,output
BHCS,2024-10-01,interest_apy,1.3681,Macro,output
BHCS,2024-10-01,interest_expense,62.705,Macro,output
BHCS,2024-10-01,ecr_driven_avg_balance,21.88,Macro,output
BHCS,2024-10-01,rate_driven_balance,33.12,Macro,output
BHCS,2024-11-01,interest_apy,1.3535,Macro,output
BHCS,2024-11-01,interest_expense,62.035,Macro,output
BHCS,2024-11-01,ecr_driven_avg_balance,21.9,Macro,output
BHCS,2024-11-01,rate_driven_balance,33.1,Macro,output
BHCS,2024-12-01,interest_apy,1.3251,Macro,output
BHCS,2024-12-01,interest_expense,60.734,Macro,output
BHCS,2024-12-01,ecr_driven_avg_balance,21.92,Macro,output
BHCS,2024-12-01,rate_driven_balance,33.08,Macro,output
BHCS,2025-01-01,interest_apy,1.2712,Macro,output
BHCS,2025-01-01,interest_expense,58.263,Macro,output
BHCS,2025-01-01,ecr_driven_avg_balance,21.94,Macro,output
BHCS,2025-01-01,rate_driven_balance,33.06,Macro,output
BHCS,2025-02-01,interest_apy,1.2518,Macro,output
BHCS,2025-02-01,interest_expense,57.374,Macro,output
BHCS,2025-02-01,ecr_driven_avg_balance,21.95,Macro,output
BHCS,2025-02-01,rate_driven_balance,33.05,Macro,output
BHCS,2025-03-01,interest_apy,1.2532,Macro,output
BHCS,2025-03-01,interest_expense,57.438,Macro,output
BHCS,2025-03-01,ecr_driven_avg_balance,21.97,Macro,output
BHCS,2025-03-01,rate_driven_balance,33.03,Macro,output
BHCS,2025-04-01,interest_apy,1.2257,Macro,output
BHCS,2025-04-01,interest_expense,56.178,Macro,output
BHCS,2025-04-01,ecr_driven_avg_balance,21.99,Macro,output
BHCS,2025-04-01,rate_driven_balance,33.01,Macro,output
BHCS,2025-05-01,interest_apy,1.1883,Macro,output
BHCS,2025-05-01,interest_expense,54.454,Macro,output
BHCS,2025-05-01,ecr_driven_avg_balance,22.0,Macro,output
BHCS,2025-05-01,rate_driven_balance,32.99,Macro,output
BHCS,2025-06-01,interest_apy,1.1663,Macro,output
BHCS,2025-06-01,interest_expense,53.426,Macro,output
BHCS,2025-06-01,ecr_driven_avg_balance,22.0,Macro,output
BHCS,2025-06-01,rate_driven_balance,32.97,Macro,output
BHCS,2025-07-01,interest_apy,1.1648,Macro,output
BHCS,2025-07-01,interest_expense,53.348,Macro,output
BHCS,2025-07-01,ecr_driven_avg_balance,22.0,Macro,output
BHCS,2025-07-01,rate_driven_balance,32.96,Macro,output
BHCS,2025-08-01,interest_apy,1.1027,Macro,output
BHCS,2025-08-01,interest_expense,50.485,Macro,output
BHCS,2025-08-01,ecr_driven_avg_balance,22.0,Macro,output
BHCS,2025-08-01,rate_driven_balance,32.94,Macro,output
BHCS,2025-09-01,interest_apy,1.1007,Macro,output
BHCS,2025-09-01,interest_expense,50.375,Macro,output
BHCS,2025-09-01,ecr_driven_avg_balance,22.0,Macro,output
BHCS,2025-09-01,rate_driven_balance,32.92,Macro,output
BHCS,2025-10-01,interest_apy,1.061,Macro,output
BHCS,2025-10-01,interest_expense,48.541,Macro,output
BHCS,2025-10-01,ecr_driven_avg_balance,22.0,Macro,output
BHCS,2025-10-01,rate_driven_balance,32.9,Macro,output
BHCS,2025-11-01,interest_apy,1.0359,Macro,output
BHCS,2025-11-01,interest_expense,47.375,Macro,output
BHCS,2025-11-01,ecr_driven_avg_balance,22.0,Macro,output
BHCS,2025-11-01,rate_driven_balance,32.88,Macro,output
BHCS,2025-12-01,interest_apy,1.0375,Macro,output
BHCS,2025-12-01,interest_expense,47.431,Macro,output
BHCS,2025-12-01,ecr_driven_avg_balance,22.0,Macro,output
BHCS,2025-12-01,rate_driven_balance,32.86,Macro,output
BHCS,2026-01-01,interest_apy,1.0073,Macro,output
BHCS,2026-01-01,interest_expense,46.042,Macro,output
BHCS,2026-01-01,ecr_driven_avg_balance,22.0,Macro,output
BHCS,2026-01-01,rate_driven_balance,32.85,Macro,output
BHCS,2026-02-01,interest_apy,0.9823,Macro,output
BHCS,2026-02-01,interest_expense,44.883,Macro,output
BHCS,2026-02-01,ecr_driven_avg_balance,22.0,Macro,output
BHCS,2026-02-01,rate_driven_balance,32.83,Macro,output
BHCS,2026-03-01,interest_apy,0.9674,Macro,output
BHCS,2026-03-01,interest_expense,44.186,Macro,output
BHCS,2026-03-01,ecr_driven_avg_balance,22.0,Macro,output
BHCS,2026-03-01,rate_driven_balance,32.81,Macro,output
BHCS,2026-04-01,interest_apy,0.9169,Macro,output
BHCS,2026-04-01,interest_expense,41.864,Macro,output
BHCS,2026-04-01,ecr_driven_avg_balance,22.0,Macro,output
BHCS,2026-04-01,rate_driven_balance,32.79,Macro,output
BHCS,2026-05-01,interest_apy,0.9054,Macro,output
BHCS,2026-05-01,interest_expense,41.324,Macro,output
BHCS,2026-05-01,ecr_driven_avg_balance,22.0,Macro,output
BHCS,2026-05-01,rate_driven_balance,32.77,Macro,output
BHCS,2026-06-01,interest_apy,0.8608,Macro,output
BHCS,2026-06-01,interest_expense,39.281,Macro,output
BHCS,2026-06-01,ecr_driven_avg_balance,22.0,Macro,output
BHCS,2026-06-01,rate_driven_balance,32.76,Macro,output
BHCS,2026-07-01,interest_apy,0.8487,Macro,output
BHCS,2026-07-01,interest_expense,38.715,Macro,output
BHCS,2026-07-01,ecr_driven_avg_balance,22.0,Macro,output
BHCS,2026-07-01,rate_driven_balance,32.74,Macro,output
BHCS,2026-08-01,interest_apy,0.8149,Macro,output
BHCS,2026-08-01,interest_expense,37.159,Macro,output
BHCS,2026-08-01,ecr_driven_avg_balance,22.0,Macro,output
BHCS,2026-08-01,rate_driven_balance,32.72,Macro,output
BHCS,2026-09-01,interest_apy,0.7947,Macro,output
BHCS,2026-09-01,interest_expense,36.225,Macro,output
BHCS,2026-09-01,ecr_driven_avg_balance,22.0,Macro,output
BHCS,2026-09-01,rate_driven_balance,32.7,Macro,output
BHCS,2026-10-01,interest_apy,0.7799,Macro,output
BHCS,2026-10-01,interest_expense,35.537,Macro,output
BHCS,2026-10-01,ecr_driven_avg_balance,22.0,Macro,output
BHCS,2026-10-01,rate_driven_balance,32.68,Macro,output
BHCS,2026-11-01,interest_apy,0.7269,Macro,output
BHCS,2026-11-01,interest_expense,33.116,Macro,output
BHCS,2026-11-01,ecr_driven_avg_balance,22.0,Macro,output
BHCS,2026-11-01,rate_driven_balance,32.67,Macro,output
BHCS,2026-12-01,interest_apy,0.7603,Macro,output
BHCS,2026-12-01,interest_expense,34.625,Macro,output
BHCS,2026-12-01,ecr_driven_avg_balance,22.0,Macro,output
BHCS,2026-12-01,rate_driven_balance,32.65,Macro,output
BHCS,2024-01-01,interest_apy,1.9799,Portfolio,output
BHCS,2024-01-01,interest_expense,57.747,Portfolio,output
BHCS,2024-01-01,ecr_driven_avg_balance,14.0,Portfolio,output
BHCS,2024-01-01,rate_driven_balance,21.0,Portfolio,output
BHCS,2024-02-01,interest_apy,1.9989,Portfolio,output
BHCS,2024-02-01,interest_expense,58.301,Portfolio,output
BHCS,2024-02-01,ecr_driven_avg_balance,13.99,Portfolio,output
BHCS,2024-02-01,rate_driven_balance,21.01,Portfolio,output
BHCS,2024-03-01,interest_apy,2.0696,Portfolio,output
BHCS,2024-03-01,interest_expense,60.363,Portfolio,output
BHCS,2024-03-01,ecr_driven_avg_balance,13.98,Portfolio,output
BHCS,2024-03-01,rate_driven_balance,21.02,Portfolio,output
BHCS,2024-04-01,interest_apy,2.0854,Portfolio,output
BHCS,2024-04-01,interest_expense,60.824,Portfolio,output
BHCS,2024-04-01,ecr_driven_avg_balance,13.97,Portfolio,output
BHCS,2024-04-01,rate_driven_balance,21.03,Portfolio,output
BHCS,2024-05-01,interest_apy,2.1053,Portfolio,output
BHCS,2024-05-01,interest_expense,61.405,Portfolio,output
BHCS,2024-05-01,ecr_driven_avg_balance,13.97,Portfolio,output
BHCS,2024-05-01,rate_driven_balance,21.03,Portfolio,output
BHCS,2024-06-01,interest_apy,2.1286,Portfolio,output
BHCS,2024-06-01,interest_expense,62.084,Portfolio,output
BHCS,2024-06-01,ecr_driven_avg_balance,13.96,Portfolio,output
BHCS,2024-06-01,rate_driven_balance,21.04,Portfolio,output
BHCS,2024-07-01,interest_apy,2.139,Portfolio,output
BHCS,2024-07-01,interest_expense,62.387,Portfolio,output
BHCS,2024-07-01,ecr_driven_avg_balance,13.95,Portfolio,output
BHCS,2024-07-01,rate_driven_balance,21.05,Portfolio,output
BHCS,2024-08-01,interest_apy,2.1445,Portfolio,output
BHCS,2024-08-01,interest_expense,62.548,Portfolio,output
BHCS,2024-08-01,ecr_driven_avg_balance,13.94,Portfolio,output
BHCS,2024-08-01,rate_driven_balance,21.06,Portfolio,output
BHCS,2024-09-01,interest_apy,2.1871,Portfolio,output
BHCS,2024-09-01,interest_expense,63.79,Portfolio,output
BHCS,2024-09-01,ecr_driven_avg_balance,13.93,Portfolio,output
BHCS,2024-09-01,rate_driven_balance,21.07,Portfolio,output
BHCS,2024-10-01,interest_apy,2.1953,Portfolio,output
BHCS,2024-10-01,interest_expense,64.03,Portfolio,output
BHCS,2024-10-01,ecr_driven_avg_balance,13.92,Portfolio,output
BHCS,2024-10-01,rate_driven_balance,21.08,Portfolio,output
BHCS,2024-11-01,interest_apy,2.1964,Portfolio,output
BHCS,2024-11-01,interest_expense,64.062,Portfolio,output
BHCS,2024-11-01,ecr_driven_avg_balance,13.94,Portfolio,output
BHCS,2024-11-01,rate_driven_balance,21.06,Portfolio,output
BHCS,2024-12-01,interest_apy,2.1421,Portfolio,output
BHCS,2024-12-01,interest_expense,62.478,Portfolio,output
BHCS,2024-12-01,ecr_driven_avg_balance,13.95,Portfolio,output
BHCS,2024-12-01,rate_driven_balance,21.05,Portfolio,output
BHCS,2025-01-01,interest_apy,2.0966,Portfolio,output
BHCS,2025-01-01,interest_expense,61.151,Portfolio,output
BHCS,2025-01-01,ecr_driven_avg_balance,13.96,Portfolio,output
BHCS,2025-01-01,rate_driven_balance,21.04,Portfolio,output
BHCS,2025-02-01,interest_apy,2.0748,Portfolio,output
BHCS,2025-02-01,interest_expense,60.515,Portfolio,output
BHCS,2025-02-01,ecr_driven_avg_balance,13.97,Portfolio,output
BHCS,2025-02-01,rate_driven_balance,21.03,Portfolio,output
BHCS,2025-03-01,interest_apy,2.0576,Portfolio,output
BHCS,2025-03-01,interest_expense,60.013,Portfolio,output
BHCS,2025-03-01,ecr_driven_avg_balance,13.98,Portfolio,output
BHCS,2025-03-01,rate_driven_balance,21.02,Portfolio,output
BHCS,2025-04-01,interest_apy,2.0061,Portfolio,output
BHCS,2025-04-01,interest_expense,58.511,Portfolio,output
BHCS,2025-04-01,ecr_driven_avg_balance,13.99,Portfolio,output
BHCS,2025-04-01,rate_driven_balance,21.01,Portfolio,output
BHCS,2025-05-01,interest_apy,1.9691,Portfolio,output
BHCS,2025-05-01,interest_expense,57.416,Portfolio,output
BHCS,2025-05-01,ecr_driven_avg_balance,14.0,Portfolio,output
BHCS,2025-05-01,rate_driven_balance,20.99,Portfolio,output
BHCS,2025-06-01,interest_apy,1.9585,Portfolio,output
BHCS,2025-06-01,interest_expense,57.09,Portfolio,output
BHCS,2025-06-01,ecr_driven_avg_balance,14.0,Portfolio,output
BHCS,2025-06-01,rate_driven_balance,20.98,Portfolio,output
BHCS,2025-07-01,interest_apy,1.9266,Portfolio,output
BHCS,2025-07-01,interest_expense,56.144,Portfolio,output
BHCS,2025-07-01,ecr_driven_avg_balance,14.0,Portfolio,output
BHCS,2025-07-01,rate_driven_balance,20.97,Portfolio,output
BHCS,2025-08-01,interest_apy,1.8797,Portfolio,output
BHCS,2025-08-01,interest_expense,54.762,Portfolio,output
BHCS,2025-08-01,ecr_driven_avg_balance,14.0,Portfolio,output
BHCS,2025-08-01,rate_driven_balance,20.96,Portfolio,output
BHCS,2025-09-01,interest_apy,1.8485,Portfolio,output
BHCS,2025-09-01,interest_expense,53.838,Portfolio,output
BHCS,2025-09-01,ecr_driven_avg_balance,14.0,Portfolio,output
BHCS,2025-09-01,rate_driven_balance,20.95,Portfolio,output
BHCS,2025-10-01,interest_apy,1.8306,Portfolio,output
BHCS,2025-10-01,interest_expense,53.301,Portfolio,output
BHCS,2025-10-01,ecr_driven_avg_balance,14.0,Portfolio,output
BHCS,2025-10-01,rate_driven_balance,20.94,Portfolio,output
BHCS,2025-11-01,interest_apy,1.7651,Portfolio,output
BHCS,2025-11-01,interest_expense,51.379,Portfolio,output
BHCS,2025-11-01,ecr_driven_avg_balance,14.0,Portfolio,output
BHCS,2025-11-01,rate_driven_balance,20.93,Portfolio,output
BHCS,2025-12-01,interest_apy,1.7341,Portfolio,output
BHCS,2025-12-01,interest_expense,50.448,Portfolio,output
BHCS,2025-12-01,ecr_driven_avg_balance,14.0,Portfolio,output
BHCS,2025-12-01,rate_driven_balance,20.91,Portfolio,output
BHCS,2026-01-01,interest_apy,1.7159,Portfolio,output
BHCS,2026-01-01,interest_expense,49.904,Portfolio,output
BHCS,2026-01-01,ecr_driven_avg_balance,14.0,Portfolio,output
BHCS,2026-01-01,rate_driven_balance,20.9,Portfolio,output
BHCS,2026-02-01,interest_apy,1.6941,Portfolio,output
BHCS,2026-02-01,interest_expense,49.256,Portfolio,output
BHCS,2026-02-01,ecr_driven_avg_balance,14.0,Portfolio,output
BHCS,2026-02-01,rate_driven_balance,20.89,Portfolio,output
BHCS,2026-03-01,interest_apy,1.6727,Portfolio,output
BHCS,2026-03-01,interest_expense,48.62,Portfolio,output
BHCS,2026-03-01,ecr_driven_avg_balance,14.0,Portfolio,output
BHCS,2026-03-01,rate_driven_balance,20.88,Portfolio,output
BHCS,2026-04-01,interest_apy,1.6641,Portfolio,output
BHCS,2026-04-01,interest_expense,48.356,Portfolio,output
BHCS,2026-04-01,ecr_driven_avg_balance,14.0,Portfolio,output
BHCS,2026-04-01,rate_driven_balance,20.87,Portfolio,output
BHCS,2026-05-01,interest_apy,1.6199,Portfolio,output
BHCS,2026-05-01,interest_expense,47.058,Portfolio,output
BHCS,2026-05-01,ecr_driven_avg_balance,14.0,Portfolio,output
BHCS,2026-05-01,rate_driven_balance,20.86,Portfolio,output
BHCS,2026-06-01,interest_apy,1.5676,Portfolio,output
BHCS,2026-06-01,interest_expense,45.513,Portfolio,output
BHCS,2026-06-01,ecr_driven_avg_balance,14.0,Portfolio,output
BHCS,2026-06-01,rate_driven_balance,20.84,Portfolio,output
BHCS,2026-07-01,interest_apy,1.5385,Portfolio,output
BHCS,2026-07-01,interest_expense,44.655,Portfolio,output
BHCS,2026-07-01,ecr_driven_avg_balance,14.0,Portfolio,output
BHCS,2026-07-01,rate_driven_balance,20.83,Portfolio,output
BHCS,2026-08-01,interest_apy,1.4869,Portfolio,output
BHCS,2026-08-01,interest_expense,43.145,Portfolio,output
BHCS,2026-08-01,ecr_driven_avg_balance,14.0,Portfolio,output
BHCS,2026-08-01,rate_driven_balance,20.82,Portfolio,output
BHCS,2026-09-01,interest_apy,1.4747,Portfolio,output
BHCS,2026-09-01,interest_expense,42.779,Portfolio,output
BHCS,2026-09-01,ecr_driven_avg_balance,14.0,Portfolio,output
BHCS,2026-09-01,rate_driven_balance,20.81,Portfolio,output
BHCS,2026-10-01,interest_apy,1.4374,Portfolio,output
BHCS,2026-10-01,interest_expense,41.685,Portfolio,output
BHCS,2026-10-01,ecr_driven_avg_balance,14.0,Portfolio,output
BHCS,2026-10-01,rate_driven_balance,20.8,Portfolio,output
BHCS,2026-11-01,interest_apy,1.4178,Portfolio,output
BHCS,2026-11-01,interest_expense,41.104,Portfolio,output
BHCS,2026-11-01,ecr_driven_avg_balance,14.0,Portfolio,output
BHCS,2026-11-01,rate_driven_balance,20.79,Portfolio,output
BHCS,2026-12-01,interest_apy,1.3629,Portfolio,output
BHCS,2026-12-01,interest_expense,39.501,Portfolio,output
BHCS,2026-12-01,ecr_driven_avg_balance,14.0,Portfolio,output
BHCS,2026-12-01,rate_driven_balance,20.78,Portfolio,output
FEDB,2024-01-01,FEDFUNDS,5.33,Macro,input
FEDB,2024-02-01,FEDFUNDS,5.23,Macro,input
FEDB,2024-03-01,FEDFUNDS,5.13,Macro,input
FEDB,2024-04-01,FEDFUNDS,5.03,Macro,input
FEDB,2024-05-01,FEDFUNDS,4.93,Macro,input
FEDB,2024-06-01,FEDFUNDS,4.83,Macro,input
FEDB,2024-07-01,FEDFUNDS,4.73,Macro,input
FEDB,2024-08-01,FEDFUNDS,4.63,Macro,input
FEDB,2024-09-01,FEDFUNDS,4.53,Macro,input
FEDB,2024-10-01,FEDFUNDS,4.43,Macro,input
FEDB,2024-11-01,FEDFUNDS,4.33,Macro,input
FEDB,2024-12-01,FEDFUNDS,4.23,Macro,input
FEDB,2025-01-01,FEDFUNDS,4.13,Macro,input
FEDB,2025-02-01,FEDFUNDS,4.03,Macro,input
FEDB,2025-03-01,FEDFUNDS,3.93,Macro,input
FEDB,2025-04-01,FEDFUNDS,3.83,Macro,input
FEDB,2025-05-01,FEDFUNDS,3.73,Macro,input
FEDB,2025-06-01,FEDFUNDS,3.63,Macro,input
FEDB,2025-07-01,FEDFUNDS,3.53,Macro,input
FEDB,2025-08-01,FEDFUNDS,3.51,Macro,input
FEDB,2025-09-01,FEDFUNDS,3.49,Macro,input
FEDB,2025-10-01,FEDFUNDS,3.47,Macro,input
FEDB,2025-11-01,FEDFUNDS,3.45,Macro,input
FEDB,2025-12-01,FEDFUNDS,3.43,Macro,input
FEDB,2026-01-01,FEDFUNDS,3.41,Macro,input
FEDB,2026-02-01,FEDFUNDS,3.39,Macro,input
FEDB,2026-03-01,FEDFUNDS,3.37,Macro,input
FEDB,2026-04-01,FEDFUNDS,3.35,Macro,input
FEDB,2026-05-01,FEDFUNDS,3.33,Macro,input
FEDB,2026-06-01,FEDFUNDS,3.31,Macro,input
FEDB,2026-07-01,FEDFUNDS,3.29,Macro,input
FEDB,2026-08-01,FEDFUNDS,3.27,Macro,input
FEDB,2026-09-01,FEDFUNDS,3.25,Macro,input
FEDB,2026-10-01,FEDFUNDS,3.23,Macro,input
FEDB,2026-11-01,FEDFUNDS,3.21,Macro,input
FEDB,2026-12-01,FEDFUNDS,3.19,Macro,input
FEDB,2024-01-01,interest_apy,1.8104,GB,output
FEDB,2024-01-01,interest_expense,63.364,GB,output
FEDB,2024-01-01,ecr_driven_avg_balance,16.8,GB,output
FEDB,2024-01-01,rate_driven_balance,25.2,GB,output
FEDB,2024-02-01,interest_apy,1.7757,GB,output
FEDB,2024-02-01,interest_expense,62.105,GB,output
FEDB,2024-02-01,ecr_driven_avg_balance,16.8,GB,output
FEDB,2024-02-01,rate_driven_balance,25.17,GB,output
FEDB,2024-03-01,interest_apy,1.6878,GB,output
FEDB,2024-03-01,interest_expense,59.003,GB,output
FEDB,2024-03-01,ecr_driven_avg_balance,16.8,GB,output
FEDB,2024-03-01,rate_driven_balance,25.15,GB,output
FEDB,2024-04-01,interest_apy,1.643,GB,output
FEDB,2024-04-01,interest_expense,57.395,GB,output
FEDB,2024-04-01,ecr_driven_avg_balance,16.8,GB,output
FEDB,2024-04-01,rate_driven_balance,25.12,GB,output
FEDB,2024-05-01,interest_apy,1.5938,GB,output
FEDB,2024-05-01,interest_expense,55.65,GB,output
FEDB,2024-05-01,ecr_driven_avg_balance,16.8,GB,output
FEDB,2024-05-01,rate_driven_balance,25.1,GB,output
FEDB,2024-06-01,interest_apy,1.517,GB,output
FEDB,2024-06-01,interest_expense,52.931,GB,output
FEDB,2024-06-01,ecr_driven_avg_balance,16.8,GB,output
FEDB,2024-06-01,rate_driven_balance,25.07,GB,output
FEDB,2024-07-01,interest_apy,1.4745,GB,output
FEDB,2024-07-01,interest_expense,51.423,GB,output
FEDB,2024-07-01,ecr_driven_avg_balance,16.8,GB,output
FEDB,2024-07-01,rate_driven_balance,25.05,GB,output
FEDB,2024-08-01,interest_apy,1.4153,GB,output
FEDB,2024-08-01,interest_expense,49.323,GB,output
FEDB,2024-08-01,ecr_driven_avg_balance,16.8,GB,output
FEDB,2024-08-01,rate_driven_balance,25.02,GB,output
FEDB,2024-09-01,interest_apy,1.362,GB,output
FEDB,2024-09-01,interest_expense,47.443,GB,output
FEDB,2024-09-01,ecr_driven_avg_balance,16.8,GB,output
FEDB,2024-09-01,rate_driven_balance,25.0,GB,output
FEDB,2024-10-01,interest_apy,1.2895,GB,output
FEDB,2024-10-01,interest_expense,44.885,GB,output
FEDB,2024-10-01,ecr_driven_avg_balance,16.8,GB,output
FEDB,2024-10-01,rate_driven_balance,24.97,GB,output
FEDB,2024-11-01,interest_apy,1.2505,GB,output
FEDB,2024-11-01,interest_expense,43.507,GB,output
FEDB,2024-11-01,ecr_driven_avg_balance,16.8,GB,output
FEDB,2024-11-01,rate_driven_balance,24.95,GB,output
FEDB,2024-12-01,interest_apy,1.205,GB,output
FEDB,2024-12-01,interest_expense,41.894,GB,output
FEDB,2024-12-01,ecr_driven_avg_balance,16.8,GB,output
FEDB,2024-12-01,rate_driven_balance,24.92,GB,output
FEDB,2025-01-01,interest_apy,1.169,GB,output
FEDB,2025-01-01,interest_expense,40.623,GB,output
FEDB,2025-01-01,ecr_driven_avg_balance,16.8,GB,output
FEDB,2025-01-01,rate_driven_balance,24.9,GB,output
FEDB,2025-02-01,interest_apy,1.1042,GB,output
FEDB,2025-02-01,interest_expense,38.343,GB,output
FEDB,2025-02-01,ecr_driven_avg_balance,16.8,GB,output
FEDB,2025-02-01,rate_driven_balance,24.87,GB,output
FEDB,2025-03-01,interest_apy,1.0731,GB,output
FEDB,2025-03-01,interest_expense,37.246,GB,output
FEDB,2025-03-01,ecr_driven_avg_balance,16.8,GB,output
FEDB,2025-03-01,rate_driven_balance,24.85,GB,output
FEDB,2025-04-01,interest_apy,0.9597,GB,output
FEDB,2025-04-01,interest_expense,33.286,GB,output
FEDB,2025-04-01,ecr_driven_avg_balance,16.8,GB,output
FEDB,2025-04-01,rate_driven_balance,24.82,GB,output
FEDB,2025-05-01,interest_apy,0.9374,GB,output
FEDB,2025-05-01,interest_expense,32.497,GB,output
FEDB,2025-05-01,ecr_driven_avg_balance,16.8,GB,output
FEDB,2025-05-01,rate_driven_balance,24.8,GB,output
FEDB,2025-06-01,interest_apy,0.8687,GB,output
FEDB,2025-06-01,interest_expense,30.093,GB,output
FEDB,2025-06-01,ecr_driven_avg_balance,16.8,GB,output
FEDB,2025-06-01,rate_driven_balance,24.77,GB,output
FEDB,2025-07-01,interest_apy,0.8538,GB,output
FEDB,2025-07-01,interest_expense,29.563,GB,output
FEDB,2025-07-01,ecr_driven_avg_balance,16.8,GB,output
FEDB,2025-07-01,rate_driven_balance,24.75,GB,output
FEDB,2025-08-01,interest_apy,0.7828,GB,output
FEDB,2025-08-01,interest_expense,27.098,GB,output
FEDB,2025-08-01,ecr_driven_avg_balance,16.8,GB,output
FEDB,2025-08-01,rate_driven_balance,24.74,GB,output
FEDB,2025-09-01,interest_apy,0.7712,GB,output
FEDB,2025-09-01,interest_expense,26.696,GB,output
FEDB,2025-09-01,ecr_driven_avg_balance,16.8,GB,output
FEDB,2025-09-01,rate_driven_balance,24.74,GB,output
FEDB,2025-10-01,interest_apy,0.765,GB,output
FEDB,2025-10-01,interest_expense,26.475,GB,output
FEDB,2025-10-01,ecr_driven_avg_balance,16.8,GB,output
FEDB,2025-10-01,rate_driven_balance,24.73,GB,output
FEDB,2025-11-01,interest_apy,0.7235,GB,output
FEDB,2025-11-01,interest_expense,25.039,GB,output
FEDB,2025-11-01,ecr_driven_avg_balance,16.8,GB,output
FEDB,2025-11-01,rate_driven_balance,24.73,GB,output
FEDB,2025-12-01,interest_apy,0.7445,GB,output
FEDB,2025-12-01,interest_expense,25.76,GB,output
FEDB,2025-12-01,ecr_driven_avg_balance,16.8,GB,output
FEDB,2025-12-01,rate_driven_balance,24.72,GB,output
FEDB,2026-01-01,interest_apy,0.7288,GB,output
FEDB,2026-01-01,interest_expense,25.216,GB,output
FEDB,2026-01-01,ecr_driven_avg_balance,16.8,GB,output
FEDB,2026-01-01,rate_driven_balance,24.72,GB,output
FEDB,2026-02-01,interest_apy,0.736,GB,output
FEDB,2026-02-01,interest_expense,25.459,GB,output
FEDB,2026-02-01,ecr_driven_avg_balance,16.8,GB,output
FEDB,2026-02-01,rate_driven_balance,24.71,GB,output
FEDB,2026-03-01,interest_apy,0.7288,GB,output
FEDB,2026-03-01,interest_expense,25.21,GB,output
FEDB,2026-03-01,ecr_driven_avg_balance,16.8,GB,output
FEDB,2026-03-01,rate_driven_balance,24.71,GB,output
FEDB,2026-04-01,interest_apy,0.7485,GB,output
FEDB,2026-04-01,interest_expense,25.886,GB,output
FEDB,2026-04-01,ecr_driven_avg_balance,16.8,GB,output
FEDB,2026-04-01,rate_driven_balance,24.7,GB,output
FEDB,2026-05-01,interest_apy,0.719,GB,output
FEDB,2026-05-01,interest_expense,24.865,GB,output
FEDB,2026-05-01,ecr_driven_avg_balance,16.8,GB,output
FEDB,2026-05-01,rate_driven_balance,24.7,GB,output
FEDB,2026-06-01,interest_apy,0.6775,GB,output
FEDB,2026-06-01,interest_expense,23.425,GB,output
FEDB,2026-06-01,ecr_driven_avg_balance,16.8,GB,output
FEDB,2026-06-01,rate_driven_balance,24.69,GB,output
FEDB,2026-07-01,interest_apy,0.66,GB,output
FEDB,2026-07-01,interest_expense,22.82,GB,output
FEDB,2026-07-01,ecr_driven_avg_balance,16.8,GB,output
FEDB,2026-07-01,rate_driven_balance,24.69,GB,output
FEDB,2026-08-01,interest_apy,0.6768,GB,output
FEDB,2026-08-01,interest_expense,23.395,GB,output
FEDB,2026-08-01,ecr_driven_avg_balance,16.8,GB,output
FEDB,2026-08-01,rate_driven_balance,24.68,GB,output
FEDB,2026-09-01,interest_apy,0.6296,GB,output
FEDB,2026-09-01,interest_expense,21.763,GB,output
FEDB,2026-09-01,ecr_driven_avg_balance,16.8,GB,output
FEDB,2026-09-01,rate_driven_balance,24.68,GB,output
FEDB,2026-10-01,interest_apy,0.6816,GB,output
FEDB,2026-10-01,interest_expense,23.555,GB,output
FEDB,2026-10-01,ecr_driven_avg_balance,16.8,GB,output
FEDB,2026-10-01,rate_driven_balance,24.67,GB,output
FEDB,2026-11-01,interest_apy,0.6576,GB,output
FEDB,2026-11-01,interest_expense,22.726,GB,output
FEDB,2026-11-01,ecr_driven_avg_balance,16.8,GB,output
FEDB,2026-11-01,rate_driven_balance,24.67,GB,output
FEDB,2026-12-01,interest_apy,0.6136,GB,output
FEDB,2026-12-01,interest_expense,21.2,GB,output
FEDB,2026-12-01,ecr_driven_avg_balance,16.8,GB,output
FEDB,2026-12-01,rate_driven_balance,24.66,GB,output
FEDB,2024-01-01,interest_apy,2.0657,NON-GB,output
FEDB,2024-01-01,interest_expense,49.06,NON-GB,output
FEDB,2024-01-01,ecr_driven_avg_balance,11.4,NON-GB,output
FEDB,2024-01-01,rate_driven_balance,17.1,NON-GB,output
FEDB,2024-02-01,interest_apy,2.0651,NON-GB,output
FEDB,2024-02-01,interest_expense,49.012,NON-GB,output
FEDB,2024-02-01,ecr_driven_avg_balance,11.4,NON-GB,output
FEDB,2024-02-01,rate_driven_balance,17.08,NON-GB,output
FEDB,2024-03-01,interest_apy,1.9737,NON-GB,output
FEDB,2024-03-01,interest_expense,46.826,NON-GB,output
FEDB,2024-03-01,ecr_driven_avg_balance,11.4,NON-GB,output
FEDB,2024-03-01,rate_driven_balance,17.07,NON-GB,output
FEDB,2024-04-01,interest_apy,1.9388,NON-GB,output
FEDB,2024-04-01,interest_expense,45.966,NON-GB,output
FEDB,2024-04-01,ecr_driven_avg_balance,11.4,NON-GB,output
FEDB,2024-04-01,rate_driven_balance,17.05,NON-GB,output
FEDB,2024-05-01,interest_apy,1.8201,NON-GB,output
FEDB,2024-05-01,interest_expense,43.121,NON-GB,output
FEDB,2024-05-01,ecr_driven_avg_balance,11.4,NON-GB,output
FEDB,2024-05-01,rate_driven_balance,17.03,NON-GB,output
FEDB,2024-06-01,interest_apy,1.778,NON-GB,output
FEDB,2024-06-01,interest_expense,42.094,NON-GB,output
FEDB,2024-06-01,ecr_driven_avg_balance,11.4,NON-GB,output
FEDB,2024-06-01,rate_driven_balance,17.01,NON-GB,output
FEDB,2024-07-01,interest_apy,1.7281,NON-GB,output
FEDB,2024-07-01,interest_expense,40.898,NON-GB,output
FEDB,2024-07-01,ecr_driven_avg_balance,11.4,NON-GB,output
FEDB,2024-07-01,rate_driven_balance,17.0,NON-GB,output
FEDB,2024-08-01,interest_apy,1.6669,NON-GB,output
FEDB,2024-08-01,interest_expense,39.422,NON-GB,output
FEDB,2024-08-01,ecr_driven_avg_balance,11.4,NON-GB,output
FEDB,2024-08-01,rate_driven_balance,16.98,NON-GB,output
FEDB,2024-09-01,interest_apy,1.595,NON-GB,output
FEDB,2024-09-01,interest_expense,37.695,NON-GB,output
FEDB,2024-09-01,ecr_driven_avg_balance,11.4,NON-GB,output
FEDB,2024-09-01,rate_driven_balance,16.96,NON-GB,output
FEDB,2024-10-01,interest_apy,1.5545,NON-GB,output
FEDB,2024-10-01,interest_expense,36.725,NON-GB,output
FEDB,2024-10-01,ecr_driven_avg_balance,11.4,NON-GB,output
FEDB,2024-10-01,rate_driven_balance,16.95,NON-GB,output
FEDB,2024-11-01,interest_apy,1.4586,NON-GB,output
FEDB,2024-11-01,interest_expense,34.435,NON-GB,output
FEDB,2024-11-01,ecr_driven_avg_balance,11.4,NON-GB,output
FEDB,2024-11-01,rate_driven_balance,16.93,NON-GB,output
FEDB,2024-12-01,interest_apy,1.4152,NON-GB,output
FEDB,2024-12-01,interest_expense,33.387,NON-GB,output
FEDB,2024-12-01,ecr_driven_avg_balance,11.4,NON-GB,output
FEDB,2024-12-01,rate_driven_balance,16.91,NON-GB,output
FEDB,2025-01-01,interest_apy,1.3584,NON-GB,output
FEDB,2025-01-01,interest_expense,32.024,NON-GB,output
FEDB,2025-01-01,ecr_driven_avg_balance,11.4,NON-GB,output
FEDB,2025-01-01,rate_driven_balance,16.89,NON-GB,output
FEDB,2025-02-01,interest_apy,1.3043,NON-GB,output
FEDB,2025-02-01,interest_expense,30.738,NON-GB,output
FEDB,2025-02-01,ecr_driven_avg_balance,11.4,NON-GB,output
FEDB,2025-02-01,rate_driven_balance,16.88,NON-GB,output
FEDB,2025-03-01,interest_apy,1.2462,NON-GB,output
FEDB,2025-03-01,interest_expense,29.348,NON-GB,output
FEDB,2025-03-01,ecr_driven_avg_balance,11.4,NON-GB,output
FEDB,2025-03-01,rate_driven_balance,16.86,NON-GB,output
FEDB,2025-04-01,interest_apy,1.1475,NON-GB,output
FEDB,2025-04-01,interest_expense,27.005,NON-GB,output
FEDB,2025-04-01,ecr_driven_avg_balance,11.4,NON-GB,output
FEDB,2025-04-01,rate_driven_balance,16.84,NON-GB,output
FEDB,2025-05-01,interest_apy,1.0773,NON-GB,output
FEDB,2025-05-01,interest_expense,25.343,NON-GB,output
FEDB,2025-05-01,ecr_driven_avg_balance,11.4,NON-GB,output
FEDB,2025-05-01,rate_driven_balance,16.83,NON-GB,output
FEDB,2025-06-01,interest_apy,1.0716,NON-GB,output
FEDB,2025-06-01,interest_expense,25.192,NON-GB,output
FEDB,2025-06-01,ecr_driven_avg_balance,11.4,NON-GB,output
FEDB,2025-06-01,rate_driven_balance,16.81,NON-GB,output
FEDB,2025-07-01,interest_apy,0.9906,NON-GB,output
FEDB,2025-07-01,interest_expense,23.271,NON-GB,output
FEDB,2025-07-01,ecr_driven_avg_balance,11.4,NON-GB,output
FEDB,2025-07-01,rate_driven_balance,16.79,NON-GB,output
FEDB,2025-08-01,interest_apy,0.9566,NON-GB,output
FEDB,2025-08-01,interest_expense,22.472,NON-GB,output
FEDB,2025-08-01,ecr_driven_avg_balance,11.4,NON-GB,output
FEDB,2025-08-01,rate_driven_balance,16.79,NON-GB,output
FEDB,2025-09-01,interest_apy,0.9902,NON-GB,output
FEDB,2025-09-01,interest_expense,23.261,NON-GB,output
FEDB,2025-09-01,ecr_driven_avg_balance,11.4,NON-GB,output
FEDB,2025-09-01,rate_driven_balance,16.79,NON-GB,output
FEDB,2025-10-01,interest_apy,0.9491,NON-GB,output
FEDB,2025-10-01,interest_expense,22.288,NON-GB,output
FEDB,2025-10-01,ecr_driven_avg_balance,11.4,NON-GB,output
FEDB,2025-10-01,rate_driven_balance,16.78,NON-GB,output
FEDB,2025-11-01,interest_apy,0.958,NON-GB,output
FEDB,2025-11-01,interest_expense,22.497,NON-GB,output
FEDB,2025-11-01,ecr_driven_avg_balance,11.4,NON-GB,output
FEDB,2025-11-01,rate_driven_balance,16.78,NON-GB,output
FEDB,2025-12-01,interest_apy,0.9234,NON-GB,output
FEDB,2025-12-01,interest_expense,21.685,NON-GB,output
FEDB,2025-12-01,ecr_driven_avg_balance,11.4,NON-GB,output
FEDB,2025-12-01,rate_driven_balance,16.78,NON-GB,output
FEDB,2026-01-01,interest_apy,0.9508,NON-GB,output
FEDB,2026-01-01,interest_expense,22.32,NON-GB,output
FEDB,2026-01-01,ecr_driven_avg_balance,11.4,NON-GB,output
FEDB,2026-01-01,rate_driven_balance,16.77,NON-GB,output
FEDB,2026-02-01,interest_apy,0.9323,NON-GB,output
FEDB,2026-02-01,interest_expense,21.886,NON-GB,output
FEDB,2026-02-01,ecr_driven_avg_balance,11.4,NON-GB,output
FEDB,2026-02-01,rate_driven_balance,16.77,NON-GB,output
FEDB,2026-03-01,interest_apy,0.8798,NON-GB,output
FEDB,2026-03-01,interest_expense,20.646,NON-GB,output
FEDB,2026-03-01,ecr_driven_avg_balance,11.4,NON-GB,output
FEDB,2026-03-01,rate_driven_balance,16.76,NON-GB,output
FEDB,2026-04-01,interest_apy,0.8918,NON-GB,output
FEDB,2026-04-01,interest_expense,20.928,NON-GB,output
FEDB,2026-04-01,ecr_driven_avg_balance,11.4,NON-GB,output
FEDB,2026-04-01,rate_driven_balance,16.76,NON-GB,output
FEDB,2026-05-01,interest_apy,0.8729,NON-GB,output
FEDB,2026-05-01,interest_expense,20.484,NON-GB,output
FEDB,2026-05-01,ecr_driven_avg_balance,11.4,NON-GB,output
FEDB,2026-05-01,rate_driven_balance,16.76,NON-GB,output
FEDB,2026-06-01,interest_apy,0.875,NON-GB,output
FEDB,2026-06-01,interest_expense,20.526,NON-GB,output
FEDB,2026-06-01,ecr_driven_avg_balance,11.4,NON-GB,output
FEDB,2026-06-01,rate_driven_balance,16.75,NON-GB,output
FEDB,2026-07-01,interest_apy,0.8159,NON-GB,output
FEDB,2026-07-01,interest_expense,19.14,NON-GB,output
FEDB,2026-07-01,ecr_driven_avg_balance,11.4,NON-GB,output
FEDB,2026-07-01,rate_driven_balance,16.75,NON-GB,output
FEDB,2026-08-01,interest_apy,0.8365,NON-GB,output
FEDB,2026-08-01,interest_expense,19.623,NON-GB,output
FEDB,2026-08-01,ecr_driven_avg_balance,11.4,NON-GB,output
FEDB,2026-08-01,rate_driven_balance,16.75,NON-GB,output
FEDB,2026-09-01,interest_apy,0.8316,NON-GB,output
FEDB,2026-09-01,interest_expense,19.501,NON-GB,output
FEDB,2026-09-01,ecr_driven_avg_balance,11.4,NON-GB,output
FEDB,2026-09-01,rate_driven_balance,16.74,NON-GB,output
FEDB,2026-10-01,interest_apy,0.7628,NON-GB,output
FEDB,2026-10-01,interest_expense,17.888,NON-GB,output
FEDB,2026-10-01,ecr_driven_avg_balance,11.4,NON-GB,output
FEDB,2026-10-01,rate_driven_balance,16.74,NON-GB,output
FEDB,2026-11-01,interest_apy,0.7619,NON-GB,output
FEDB,2026-11-01,interest_expense,17.867,NON-GB,output
FEDB,2026-11-01,ecr_driven_avg_balance,11.4,NON-GB,output
FEDB,2026-11-01,rate_driven_balance,16.74,NON-GB,output
FEDB,2026-12-01,interest_apy,0.7324,NON-GB,output
FEDB,2026-12-01,interest_expense,17.169,NON-GB,output
FEDB,2026-12-01,ecr_driven_avg_balance,11.4,NON-GB,output
FEDB,2026-12-01,rate_driven_balance,16.73,NON-GB,output
FEDB,2024-01-01,interest_apy,3.4946,HYMM,output
FEDB,2024-01-01,interest_expense,43.683,HYMM,output
FEDB,2024-01-01,ecr_driven_avg_balance,6.0,HYMM,output
FEDB,2024-01-01,rate_driven_balance,9.0,HYMM,output
FEDB,2024-02-01,interest_apy,3.4344,HYMM,output
FEDB,2024-02-01,interest_expense,42.901,HYMM,output
FEDB,2024-02-01,ecr_driven_avg_balance,6.0,HYMM,output
FEDB,2024-02-01,rate_driven_balance,8.99,HYMM,output
FEDB,2024-03-01,interest_apy,3.37,HYMM,output
FEDB,2024-03-01,interest_expense,42.069,HYMM,output
FEDB,2024-03-01,ecr_driven_avg_balance,6.0,HYMM,output
FEDB,2024-03-01,rate_driven_balance,8.98,HYMM,output
FEDB,2024-04-01,interest_apy,3.2615,HYMM,output
FEDB,2024-04-01,interest_expense,40.687,HYMM,output
FEDB,2024-04-01,ecr_driven_avg_balance,6.0,HYMM,output
FEDB,2024-04-01,rate_driven_balance,8.97,HYMM,output
FEDB,2024-05-01,interest_apy,3.2126,HYMM,output
FEDB,2024-05-01,interest_expense,40.05,HYMM,output
FEDB,2024-05-01,ecr_driven_avg_balance,6.0,HYMM,output
FEDB,2024-05-01,rate_driven_balance,8.96,HYMM,output
FEDB,2024-06-01,interest_apy,3.0724,HYMM,output
FEDB,2024-06-01,interest_expense,38.303,HYMM,output
FEDB,2024-06-01,ecr_driven_avg_balance,6.0,HYMM,output
FEDB,2024-06-01,rate_driven_balance,8.96,HYMM,output
FEDB,2024-07-01,interest_apy,2.9859,HYMM,output
FEDB,2024-07-01,interest_expense,37.199,HYMM,output
FEDB,2024-07-01,ecr_driven_avg_balance,6.0,HYMM,output
FEDB,2024-07-01,rate_driven_balance,8.95,HYMM,output
FEDB,2024-08-01,interest_apy,2.9389,HYMM,output
FEDB,2024-08-01,interest_expense,36.589,HYMM,output
FEDB,2024-08-01,ecr_driven_avg_balance,6.0,HYMM,output
FEDB,2024-08-01,rate_driven_balance,8.94,HYMM,output
FEDB,2024-09-01,interest_apy,2.8677,HYMM,output
FEDB,2024-09-01,interest_expense,35.679,HYMM,output
FEDB,2024-09-01,ecr_driven_avg_balance,6.0,HYMM,output
FEDB,2024-09-01,rate_driven_balance,8.93,HYMM,output
FEDB,2024-10-01,interest_apy,2.7793,HYMM,output
FEDB,2024-10-01,interest_expense,34.556,HYMM,output
FEDB,2024-10-01,ecr_driven_avg_balance,6.0,HYMM,output
FEDB,2024-10-01,rate_driven_balance,8.92,HYMM,output
FEDB,2024-11-01,interest_apy,2.6587,HYMM,output
FEDB,2024-11-01,interest_expense,33.034,HYMM,output
FEDB,2024-11-01,ecr_driven_avg_balance,6.0,HYMM,output
FEDB,2024-11-01,rate_driven_balance,8.91,HYMM,output
FEDB,2024-12-01,interest_apy,2.6182,HYMM,output
FEDB,2024-12-01,interest_expense,32.509,HYMM,output
FEDB,2024-12-01,ecr_driven_avg_balance,6.0,HYMM,output
FEDB,2024-12-01,rate_driven_balance,8.9,HYMM,output
FEDB,2025-01-01,interest_apy,2.5139,HYMM,output
FEDB,2025-01-01,interest_expense,31.193,HYMM,output
FEDB,2025-01-01,ecr_driven_avg_balance,6.0,HYMM,output
FEDB,2025-01-01,rate_driven_balance,8.89,HYMM,output
FEDB,2025-02-01,interest_apy,2.4734,HYMM,output
FEDB,2025-02-01,interest_expense,30.67,HYMM,output
FEDB,2025-02-01,ecr_driven_avg_balance,6.0,HYMM,output
FEDB,2025-02-01,rate_driven_balance,8.88,HYMM,output
FEDB,2025-03-01,interest_apy,2.3873,HYMM,output
FEDB,2025-03-01,interest_expense,29.583,HYMM,output
FEDB,2025-03-01,ecr_driven_avg_balance,6.0,HYMM,output
FEDB,2025-03-01,rate_driven_balance,8.87,HYMM,output
FEDB,2025-04-01,interest_apy,2.2812,HYMM,output
FEDB,2025-04-01,interest_expense,28.268,HYMM,output
FEDB,2025-04-01,ecr_driven_avg_balance,6.0,HYMM,output
FEDB,2025-04-01,rate_driven_balance,8.87,HYMM,output
FEDB,2025-05-01,interest_apy,2.2097,HYMM,output
FEDB,2025-05-01,interest_expense,27.363,HYMM,output
FEDB,2025-05-01,ecr_driven_avg_balance,6.0,HYMM,output
FEDB,2025-05-01,rate_driven_balance,8.86,HYMM,output
FEDB,2025-06-01,interest_apy,2.1188,HYMM,output
FEDB,2025-06-01,interest_expense,26.22,HYMM,output
FEDB,2025-06-01,ecr_driven_avg_balance,6.0,HYMM,output
FEDB,2025-06-01,rate_driven_balance,8.85,HYMM,output
FEDB,2025-07-01,interest_apy,2.0587,HYMM,output
FEDB,2025-07-01,interest_expense,25.459,HYMM,output
FEDB,2025-07-01,ecr_driven_avg_balance,6.0,HYMM,output
FEDB,2025-07-01,rate_driven_balance,8.84,HYMM,output
FEDB,2025-08-01,interest_apy,2.0631,HYMM,output
FEDB,2025-08-01,interest_expense,25.514,HYMM,output
FEDB,2025-08-01,ecr_driven_avg_balance,6.0,HYMM,output
FEDB,2025-08-01,rate_driven_balance,8.84,HYMM,output
FEDB,2025-09-01,interest_apy,2.0083,HYMM,output
FEDB,2025-09-01,interest_expense,24.819,HYMM,output
FEDB,2025-09-01,ecr_driven_avg_balance,6.0,HYMM,output
FEDB,2025-09-01,rate_driven_balance,8.83,HYMM,output
FEDB,2025-10-01,interest_apy,2.0221,HYMM,output
FEDB,2025-10-01,interest_expense,24.99,HYMM,output
FEDB,2025-10-01,ecr_driven_avg_balance,6.0,HYMM,output
FEDB,2025-10-01,rate_driven_balance,8.83,HYMM,output
FEDB,2025-11-01,interest_apy,1.9854,HYMM,output
FEDB,2025-11-01,interest_expense,24.536,HYMM,output
FEDB,2025-11-01,ecr_driven_avg_balance,6.0,HYMM,output
FEDB,2025-11-01,rate_driven_balance,8.83,HYMM,output
FEDB,2025-12-01,interest_apy,1.9641,HYMM,output
FEDB,2025-12-01,interest_expense,24.273,HYMM,output
FEDB,2025-12-01,ecr_driven_avg_balance,6.0,HYMM,output
FEDB,2025-12-01,rate_driven_balance,8.83,HYMM,output
FEDB,2026-01-01,interest_apy,1.9619,HYMM,output
FEDB,2026-01-01,interest_expense,24.246,HYMM,output
FEDB,2026-01-01,ecr_driven_avg_balance,6.0,HYMM,output
FEDB,2026-01-01,rate_driven_balance,8.83,HYMM,output
FEDB,2026-02-01,interest_apy,1.9273,HYMM,output
FEDB,2026-02-01,interest_expense,23.818,HYMM,output
FEDB,2026-02-01,ecr_driven_avg_balance,6.0,HYMM,output
FEDB,2026-02-01,rate_driven_balance,8.83,HYMM,output
FEDB,2026-03-01,interest_apy,1.9209,HYMM,output
FEDB,2026-03-01,interest_expense,23.723,HYMM,output
FEDB,2026-03-01,ecr_driven_avg_balance,6.0,HYMM,output
FEDB,2026-03-01,rate_driven_balance,8.82,HYMM,output
FEDB,2026-04-01,interest_apy,1.892,HYMM,output
FEDB,2026-04-01,interest_expense,23.366,HYMM,output
FEDB,2026-04-01,ecr_driven_avg_balance,6.0,HYMM,output
FEDB,2026-04-01,rate_driven_balance,8.82,HYMM,output
FEDB,2026-05-01,interest_apy,1.9393,HYMM,output
FEDB,2026-05-01,interest_expense,23.95,HYMM,output
FEDB,2026-05-01,ecr_driven_avg_balance,6.0,HYMM,output
FEDB,2026-05-01,rate_driven_balance,8.82,HYMM,output
FEDB,2026-06-01,interest_apy,1.8847,HYMM,output
FEDB,2026-06-01,interest_expense,23.276,HYMM,output
FEDB,2026-06-01,ecr_driven_avg_balance,6.0,HYMM,output
FEDB,2026-06-01,rate_driven_balance,8.82,HYMM,output
FEDB,2026-07-01,interest_apy,1.854,HYMM,output
FEDB,2026-07-01,interest_expense,22.897,HYMM,output
FEDB,2026-07-01,ecr_driven_avg_balance,6.0,HYMM,output
FEDB,2026-07-01,rate_driven_balance,8.82,HYMM,output
FEDB,2026-08-01,interest_apy,1.8563,HYMM,output
FEDB,2026-08-01,interest_expense,22.91,HYMM,output
FEDB,2026-08-01,ecr_driven_avg_balance,6.0,HYMM,output
FEDB,2026-08-01,rate_driven_balance,8.81,HYMM,output
FEDB,2026-09-01,interest_apy,1.8338,HYMM,output
FEDB,2026-09-01,interest_expense,22.632,HYMM,output
FEDB,2026-09-01,ecr_driven_avg_balance,6.0,HYMM,output
FEDB,2026-09-01,rate_driven_balance,8.81,HYMM,output
FEDB,2026-10-01,interest_apy,1.8156,HYMM,output
FEDB,2026-10-01,interest_expense,22.408,HYMM,output
FEDB,2026-10-01,ecr_driven_avg_balance,6.0,HYMM,output
FEDB,2026-10-01,rate_driven_balance,8.81,HYMM,output
FEDB,2026-11-01,interest_apy,1.8163,HYMM,output
FEDB,2026-11-01,interest_expense,22.416,HYMM,output
FEDB,2026-11-01,ecr_driven_avg_balance,6.0,HYMM,output
FEDB,2026-11-01,rate_driven_balance,8.81,HYMM,output
FEDB,2026-12-01,interest_apy,1.8032,HYMM,output
FEDB,2026-12-01,interest_expense,22.254,HYMM,output
FEDB,2026-12-01,ecr_driven_avg_balance,6.0,HYMM,output
FEDB,2026-12-01,rate_driven_balance,8.81,HYMM,output
FEDB,2024-01-01,interest_apy,1.1894,Macro,output
FEDB,2024-01-01,interest_expense,54.514,Macro,output
FEDB,2024-01-01,ecr_driven_avg_balance,22.0,Macro,output
FEDB,2024-01-01,rate_driven_balance,33.0,Macro,output
FEDB,2024-02-01,interest_apy,1.1435,Macro,output
FEDB,2024-02-01,interest_expense,52.382,Macro,output
FEDB,2024-02-01,ecr_driven_avg_balance,22.0,Macro,output
FEDB,2024-02-01,rate_driven_balance,32.97,Macro,output
FEDB,2024-03-01,interest_apy,1.1045,Macro,output
FEDB,2024-03-01,interest_expense,50.558,Macro,output
FEDB,2024-03-01,ecr_driven_avg_balance,22.0,Macro,output
FEDB,2024-03-01,rate_driven_balance,32.93,Macro,output
FEDB,2024-04-01,interest_apy,1.019,Macro,output
FEDB,2024-04-01,interest_expense,46.619,Macro,output
FEDB,2024-04-01,ecr_driven_avg_balance,22.0,Macro,output
FEDB,2024-04-01,rate_driven_balance,32.9,Macro,output
FEDB,2024-05-01,interest_apy,0.9897,Macro,output
FEDB,2024-05-01,interest_expense,45.254,Macro,output
FEDB,2024-05-01,ecr_driven_avg_balance,22.0,Macro,output
FEDB,2024-05-01,rate_driven_balance,32.87,Macro,output
FEDB,2024-06-01,interest_apy,1.0023,Macro,output
FEDB,2024-06-01,interest_expense,45.805,Macro,output
FEDB,2024-06-01,ecr_driven_avg_balance,22.0,Macro,output
FEDB,2024-06-01,rate_driven_balance,32.84,Macro,output
FEDB,2024-07-01,interest_apy,0.9629,Macro,output
FEDB,2024-07-01,interest_expense,43.972,Macro,output
FEDB,2024-07-01,ecr_driven_avg_balance,22.0,Macro,output
FEDB,2024-07-01,rate_driven_balance,32.8,Macro,output
FEDB,2024-08-01,interest_apy,0.88,Macro,output
FEDB,2024-08-01,interest_expense,40.165,Macro,output
FEDB,2024-08-01,ecr_driven_avg_balance,22.0,Macro,output
FEDB,2024-08-01,rate_driven_balance,32.77,Macro,output
FEDB,2024-09-01,interest_apy,0.8515,Macro,output
FEDB,2024-09-01,interest_expense,38.843,Macro,output
FEDB,2024-09-01,ecr_driven_avg_balance,22.0,Macro,output
FEDB,2024-09-01,rate_driven_balance,32.74,Macro,output
FEDB,2024-10-01,interest_apy,0.8012,Macro,output
FEDB,2024-10-01,interest_expense,36.521,Macro,output
FEDB,2024-10-01,ecr_driven_avg_balance,22.0,Macro,output
FEDB,2024-10-01,rate_driven_balance,32.7,Macro,output
FEDB,2024-11-01,interest_apy,0.8116,Macro,output
FEDB,2024-11-01,interest_expense,36.975,Macro,output
FEDB,2024-11-01,ecr_driven_avg_balance,22.0,Macro,output
FEDB,2024-11-01,rate_driven_balance,32.67,Macro,output
FEDB,2024-12-01,interest_apy,0.7274,Macro,output
FEDB,2024-12-01,interest_expense,33.121,Macro,output
FEDB,2024-12-01,ecr_driven_avg_balance,22.0,Macro,output
FEDB,2024-12-01,rate_driven_balance,32.64,Macro,output
FEDB,2025-01-01,interest_apy,0.6574,Macro,output
FEDB,2025-01-01,interest_expense,29.912,Macro,output
FEDB,2025-01-01,ecr_driven_avg_balance,22.0,Macro,output
FEDB,2025-01-01,rate_driven_balance,32.6,Macro,output
FEDB,2025-02-01,interest_apy,0.5959,Macro,output
FEDB,2025-02-01,interest_expense,27.099,Macro,output
FEDB,2025-02-01,ecr_driven_avg_balance,22.0,Macro,output
FEDB,2025-02-01,rate_driven_balance,32.57,Macro,output
FEDB,2025-03-01,interest_apy,0.5379,Macro,output
FEDB,2025-03-01,interest_expense,24.448,Macro,output
FEDB,2025-03-01,ecr_driven_avg_balance,22.0,Macro,output
FEDB,2025-03-01,rate_driven_balance,32.54,Macro,output
FEDB,2025-04-01,interest_apy,0.5291,Macro,output
FEDB,2025-04-01,interest_expense,24.034,Macro,output
FEDB,2025-04-01,ecr_driven_avg_balance,22.0,Macro,output
FEDB,2025-04-01,rate_driven_balance,32.51,Macro,output
FEDB,2025-05-01,interest_apy,0.4649,Macro,output
FEDB,2025-05-01,interest_expense,21.103,Macro,output
FEDB,2025-05-01,ecr_driven_avg_balance,22.0,Macro,output
FEDB,2025-05-01,rate_driven_balance,32.47,Macro,output
FEDB,2025-06-01,interest_apy,0.4066,Macro,output
FEDB,2025-06-01,interest_expense,18.446,Macro,output
FEDB,2025-06-01,ecr_driven_avg_balance,22.0,Macro,output
FEDB,2025-06-01,rate_driven_balance,32.44,Macro,output
FEDB,2025-07-01,interest_apy,0.3771,Macro,output
FEDB,2025-07-01,interest_expense,17.098,Macro,output
FEDB,2025-07-01,ecr_driven_avg_balance,22.0,Macro,output
FEDB,2025-07-01,rate_driven_balance,32.41,Macro,output
FEDB,2025-08-01,interest_apy,0.3594,Macro,output
FEDB,2025-08-01,interest_expense,16.293,Macro,output
FEDB,2025-08-01,ecr_driven_avg_balance,22.0,Macro,output
FEDB,2025-08-01,rate_driven_balance,32.4,Macro,output
FEDB,2025-09-01,interest_apy,0.4057,Macro,output
FEDB,2025-09-01,interest_expense,18.388,Macro,output
FEDB,2025-09-01,ecr_driven_avg_balance,22.0,Macro,output
FEDB,2025-09-01,rate_driven_balance,32.39,Macro,output
FEDB,2025-10-01,interest_apy,0.3806,Macro,output
FEDB,2025-10-01,interest_expense,17.251,Macro,output
FEDB,2025-10-01,ecr_driven_avg_balance,22.0,Macro,output
FEDB,2025-10-01,rate_driven_balance,32.39,Macro,output
FEDB,2025-11-01,interest_apy,0.3538,Macro,output
FEDB,2025-11-01,interest_expense,16.033,Macro,output
FEDB,2025-11-01,ecr_driven_avg_balance,22.0,Macro,output
FEDB,2025-11-01,rate_driven_balance,32.38,Macro,output
FEDB,2025-12-01,interest_apy,0.3746,Macro,output
FEDB,2025-12-01,interest_expense,16.973,Macro,output
FEDB,2025-12-01,ecr_driven_avg_balance,22.0,Macro,output
FEDB,2025-12-01,rate_driven_balance,32.37,Macro,output
FEDB,2026-01-01,interest_apy,0.3375,Macro,output
FEDB,2026-01-01,interest_expense,15.292,Macro,output
FEDB,2026-01-01,ecr_driven_avg_balance,22.0,Macro,output
FEDB,2026-01-01,rate_driven_balance,32.37,Macro,output
FEDB,2026-02-01,interest_apy,0.3098,Macro,output
FEDB,2026-02-01,interest_expense,14.034,Macro,output
FEDB,2026-02-01,ecr_driven_avg_balance,22.0,Macro,output
FEDB,2026-02-01,rate_driven_balance,32.36,Macro,output
FEDB,2026-03-01,interest_apy,0.3485,Macro,output
FEDB,2026-03-01,interest_expense,15.784,Macro,output
FEDB,2026-03-01,ecr_driven_avg_balance,22.0,Macro,output
FEDB,2026-03-01,rate_driven_balance,32.35,Macro,output
FEDB,2026-04-01,interest_apy,0.3198,Macro,output
FEDB,2026-04-01,interest_expense,14.484,Macro,output
FEDB,2026-04-01,ecr_driven_avg_balance,22.0,Macro,output
FEDB,2026-04-01,rate_driven_balance,32.35,Macro,output
FEDB,2026-05-01,interest_apy,0.2793,Macro,output
FEDB,2026-05-01,interest_expense,12.648,Macro,output
FEDB,2026-05-01,ecr_driven_avg_balance,22.0,Macro,output
FEDB,2026-05-01,rate_driven_balance,32.34,Macro,output
FEDB,2026-06-01,interest_apy,0.2872,Macro,output
FEDB,2026-06-01,interest_expense,13.003,Macro,output
FEDB,2026-06-01,ecr_driven_avg_balance,22.0,Macro,output
FEDB,2026-06-01,rate_driven_balance,32.33,Macro,output
FEDB,2026-07-01,interest_apy,0.2645,Macro,output
FEDB,2026-07-01,interest_expense,11.975,Macro,output
FEDB,2026-07-01,ecr_driven_avg_balance,22.0,Macro,output
FEDB,2026-07-01,rate_driven_balance,32.33,Macro,output
FEDB,2026-08-01,interest_apy,0.2453,Macro,output
FEDB,2026-08-01,interest_expense,11.104,Macro,output
FEDB,2026-08-01,ecr_driven_avg_balance,22.0,Macro,output
FEDB,2026-08-01,rate_driven_balance,32.32,Macro,output
FEDB,2026-09-01,interest_apy,0.2825,Macro,output
FEDB,2026-09-01,interest_expense,12.785,Macro,output
FEDB,2026-09-01,ecr_driven_avg_balance,22.0,Macro,output
FEDB,2026-09-01,rate_driven_balance,32.31,Macro,output
FEDB,2026-10-01,interest_apy,0.2932,Macro,output
FEDB,2026-10-01,interest_expense,13.27,Macro,output
FEDB,2026-10-01,ecr_driven_avg_balance,22.0,Macro,output
FEDB,2026-10-01,rate_driven_balance,32.31,Macro,output
FEDB,2026-11-01,interest_apy,0.218,Macro,output
FEDB,2026-11-01,interest_expense,9.864,Macro,output
FEDB,2026-11-01,ecr_driven_avg_balance,22.0,Macro,output
FEDB,2026-11-01,rate_driven_balance,32.3,Macro,output
FEDB,2026-12-01,interest_apy,0.2483,Macro,output
FEDB,2026-12-01,interest_expense,11.234,Macro,output
FEDB,2026-12-01,ecr_driven_avg_balance,22.0,Macro,output
FEDB,2026-12-01,rate_driven_balance,32.29,Macro,output
FEDB,2024-01-01,interest_apy,1.987,Portfolio,output
FEDB,2024-01-01,interest_expense,57.954,Portfolio,output
FEDB,2024-01-01,ecr_driven_avg_balance,14.0,Portfolio,output
FEDB,2024-01-01,rate_driven_balance,21.0,Portfolio,output
FEDB,2024-02-01,interest_apy,1.9323,Portfolio,output
FEDB,2024-02-01,interest_expense,56.327,Portfolio,output
FEDB,2024-02-01,ecr_driven_avg_balance,14.0,Portfolio,output
FEDB,2024-02-01,rate_driven_balance,20.98,Portfolio,output
FEDB,2024-03-01,interest_apy,1.8722,Portfolio,output
FEDB,2024-03-01,interest_expense,54.543,Portfolio,output
FEDB,2024-03-01,ecr_driven_avg_balance,14.0,Portfolio,output
FEDB,2024-03-01,rate_driven_balance,20.96,Portfolio,output
FEDB,2024-04-01,interest_apy,1.8087,Portfolio,output
FEDB,2024-04-01,interest_expense,52.663,Portfolio,output
FEDB,2024-04-01,ecr_driven_avg_balance,14.0,Portfolio,output
FEDB,2024-04-01,rate_driven_balance,20.94,Portfolio,output
FEDB,2024-05-01,interest_apy,1.769,Portfolio,output
FEDB,2024-05-01,interest_expense,51.478,Portfolio,output
FEDB,2024-05-01,ecr_driven_avg_balance,14.0,Portfolio,output
FEDB,2024-05-01,rate_driven_balance,20.92,Portfolio,output
FEDB,2024-06-01,interest_apy,1.6934,Portfolio,output
FEDB,2024-06-01,interest_expense,49.236,Portfolio,output
FEDB,2024-06-01,ecr_driven_avg_balance,14.0,Portfolio,output
FEDB,2024-06-01,rate_driven_balance,20.89,Portfolio,output
FEDB,2024-07-01,interest_apy,1.6574,Portfolio,output
FEDB,2024-07-01,interest_expense,48.161,Portfolio,output
FEDB,2024-07-01,ecr_driven_avg_balance,14.0,Portfolio,output
FEDB,2024-07-01,rate_driven_balance,20.87,Portfolio,output
FEDB,2024-08-01,interest_apy,1.593,Portfolio,output
FEDB,2024-08-01,interest_expense,46.263,Portfolio,output
FEDB,2024-08-01,ecr_driven_avg_balance,14.0,Portfolio,output
FEDB,2024-08-01,rate_driven_balance,20.85,Portfolio,output
FEDB,2024-09-01,interest_apy,1.5312,Portfolio,output
FEDB,2024-09-01,interest_expense,44.443,Portfolio,output
FEDB,2024-09-01,ecr_driven_avg_balance,14.0,Portfolio,output
FEDB,2024-09-01,rate_driven_balance,20.83,Portfolio,output
FEDB,2024-10-01,interest_apy,1.4598,Portfolio,output
FEDB,2024-10-01,interest_expense,42.346,Portfolio,output
FEDB,2024-10-01,ecr_driven_avg_balance,14.0,Portfolio,output
FEDB,2024-10-01,rate_driven_balance,20.81,Portfolio,output
FEDB,2024-11-01,interest_apy,1.4085,Portfolio,output
FEDB,2024-11-01,interest_expense,40.835,Portfolio,output
FEDB,2024-11-01,ecr_driven_avg_balance,14.0,Portfolio,output
FEDB,2024-11-01,rate_driven_balance,20.79,Portfolio,output
FEDB,2024-12-01,interest_apy,1.3771,Portfolio,output
FEDB,2024-12-01,interest_expense,39.901,Portfolio,output
FEDB,2024-12-01,ecr_driven_avg_balance,14.0,Portfolio,output
FEDB,2024-12-01,rate_driven_balance,20.77,Portfolio,output
FEDB,2025-01-01,interest_apy,1.314,Portfolio,output
FEDB,2025-01-01,interest_expense,38.051,Portfolio,output
FEDB,2025-01-01,ecr_driven_avg_balance,14.0,Portfolio,output
FEDB,2025-01-01,rate_driven_balance,20.75,Portfolio,output
FEDB,2025-02-01,interest_apy,1.2264,Portfolio,output
FEDB,2025-02-01,interest_expense,35.494,Portfolio,output
FEDB,2025-02-01,ecr_driven_avg_balance,14.0,Portfolio,output
FEDB,2025-02-01,rate_driven_balance,20.73,Portfolio,output
FEDB,2025-03-01,interest_apy,1.19,Portfolio,output
FEDB,2025-03-01,interest_expense,34.421,Portfolio,output
FEDB,2025-03-01,ecr_driven_avg_balance,14.0,Portfolio,output
FEDB,2025-03-01,rate_driven_balance,20.71,Portfolio,output
FEDB,2025-04-01,interest_apy,1.145,Portfolio,output
FEDB,2025-04-01,interest_expense,33.09,Portfolio,output
FEDB,2025-04-01,ecr_driven_avg_balance,14.0,Portfolio,output
FEDB,2025-04-01,rate_driven_balance,20.68,Portfolio,output
FEDB,2025-05-01,interest_apy,1.0386,Portfolio,output
FEDB,2025-05-01,interest_expense,29.998,Portfolio,output
FEDB,2025-05-01,ecr_driven_avg_balance,14.0,Portfolio,output
FEDB,2025-05-01,rate_driven_balance,20.66,Portfolio,output
FEDB,2025-06-01,interest_apy,1.0249,Portfolio,output
FEDB,2025-06-01,interest_expense,29.585,Portfolio,output
FEDB,2025-06-01,ecr_driven_avg_balance,14.0,Portfolio,output
FEDB,2025-06-01,rate_driven_balance,20.64,Portfolio,output
FEDB,2025-07-01,interest_apy,0.9427,Portfolio,output
FEDB,2025-07-01,interest_expense,27.197,Portfolio,output
FEDB,2025-07-01,ecr_driven_avg_balance,14.0,Portfolio,output
FEDB,2025-07-01,rate_driven_balance,20.62,Portfolio,output
FEDB,2025-08-01,interest_apy,0.9558,Portfolio,output
FEDB,2025-08-01,interest_expense,27.575,Portfolio,output
FEDB,2025-08-01,ecr_driven_avg_balance,14.0,Portfolio,output
FEDB,2025-08-01,rate_driven_balance,20.62,Portfolio,output
FEDB,2025-09-01,interest_apy,0.9175,Portfolio,output
FEDB,2025-09-01,interest_expense,26.462,Portfolio,output
FEDB,2025-09-01,ecr_driven_avg_balance,14.0,Portfolio,output
FEDB,2025-09-01,rate_driven_balance,20.61,Portfolio,output
FEDB,2025-10-01,interest_apy,0.8851,Portfolio,output
FEDB,2025-10-01,interest_expense,25.528,Portfolio,output
FEDB,2025-10-01,ecr_driven_avg_balance,14.0,Portfolio,output
FEDB,2025-10-01,rate_driven_balance,20.61,Portfolio,output
FEDB,2025-11-01,interest_apy,0.877,Portfolio,output
FEDB,2025-11-01,interest_expense,25.294,Portfolio,output
FEDB,2025-11-01,ecr_driven_avg_balance,14.0,Portfolio,output
FEDB,2025-11-01,rate_driven_balance,20.61,Portfolio,output
FEDB,2025-12-01,interest_apy,0.899,Portfolio,output
FEDB,2025-12-01,interest_expense,25.921,Portfolio,output
FEDB,2025-12-01,ecr_driven_avg_balance,14.0,Portfolio,output
FEDB,2025-12-01,rate_driven_balance,20.6,Portfolio,output
FEDB,2026-01-01,interest_apy,0.8916,Portfolio,output
FEDB,2026-01-01,interest_expense,25.708,Portfolio,output
FEDB,2026-01-01,ecr_driven_avg_balance,14.0,Portfolio,output
FEDB,2026-01-01,rate_driven_balance,20.6,Portfolio,output
FEDB,2026-02-01,interest_apy,0.8567,Portfolio,output
FEDB,2026-02-01,interest_expense,24.694,Portfolio,output
FEDB,2026-02-01,ecr_driven_avg_balance,14.0,Portfolio,output
FEDB,2026-02-01,rate_driven_balance,20.59,Portfolio,output
FEDB,2026-03-01,interest_apy,0.876,Portfolio,output
FEDB,2026-03-01,interest_expense,25.251,Portfolio,output
FEDB,2026-03-01,ecr_driven_avg_balance,14.0,Portfolio,output
FEDB,2026-03-01,rate_driven_balance,20.59,Portfolio,output
FEDB,2026-04-01,interest_apy,0.8184,Portfolio,output
FEDB,2026-04-01,interest_expense,23.584,Portfolio,output
FEDB,2026-04-01,ecr_driven_avg_balance,14.0,Portfolio,output
FEDB,2026-04-01,rate_driven_balance,20.58,Portfolio,output
FEDB,2026-05-01,interest_apy,0.8387,Portfolio,output
FEDB,2026-05-01,interest_expense,24.169,Portfolio,output
FEDB,2026-05-01,ecr_driven_avg_balance,14.0,Portfolio,output
FEDB,2026-05-01,rate_driven_balance,20.58,Portfolio,output
FEDB,2026-06-01,interest_apy,0.8042,Portfolio,output
FEDB,2026-06-01,interest_expense,23.174,Portfolio,output
FEDB,2026-06-01,ecr_driven_avg_balance,14.0,Portfolio,output
FEDB,2026-06-01,rate_driven_balance,20.58,Portfolio,output
FEDB,2026-07-01,interest_apy,0.8038,Portfolio,output
FEDB,2026-07-01,interest_expense,23.156,Portfolio,output
FEDB,2026-07-01,ecr_driven_avg_balance,14.0,Portfolio,output
FEDB,2026-07-01,rate_driven_balance,20.57,Portfolio,output
FEDB,2026-08-01,interest_apy,0.8061,Portfolio,output
FEDB,2026-08-01,interest_expense,23.222,Portfolio,output
FEDB,2026-08-01,ecr_driven_avg_balance,14.0,Portfolio,output
FEDB,2026-08-01,rate_driven_balance,20.57,Portfolio,output
FEDB,2026-09-01,interest_apy,0.7764,Portfolio,output
FEDB,2026-09-01,interest_expense,22.36,Portfolio,output
FEDB,2026-09-01,ecr_driven_avg_balance,14.0,Portfolio,output
FEDB,2026-09-01,rate_driven_balance,20.56,Portfolio,output
FEDB,2026-10-01,interest_apy,0.7743,Portfolio,output
FEDB,2026-10-01,interest_expense,22.3,Portfolio,output
FEDB,2026-10-01,ecr_driven_avg_balance,14.0,Portfolio,output
FEDB,2026-10-01,rate_driven_balance,20.56,Portfolio,output
FEDB,2026-11-01,interest_apy,0.7905,Portfolio,output
FEDB,2026-11-01,interest_expense,22.76,Portfolio,output
FEDB,2026-11-01,ecr_driven_avg_balance,14.0,Portfolio,output
FEDB,2026-11-01,rate_driven_balance,20.55,Portfolio,output
FEDB,2026-12-01,interest_apy,0.7473,Portfolio,output
FEDB,2026-12-01,interest_expense,21.516,Portfolio,output
FEDB,2026-12-01,ecr_driven_avg_balance,14.0,Portfolio,output
FEDB,2026-12-01,rate_driven_balance,20.55,Portfolio,output
FEDSA,2024-01-01,FEDFUNDS,5.33,Macro,input
FEDSA,2024-02-01,FEDFUNDS,5.29,Macro,input
FEDSA,2024-03-01,FEDFUNDS,5.25,Macro,input
FEDSA,2024-04-01,FEDFUNDS,5.21,Macro,input
FEDSA,2024-05-01,FEDFUNDS,5.17,Macro,input
FEDSA,2024-06-01,FEDFUNDS,5.13,Macro,input
FEDSA,2024-07-01,FEDFUNDS,5.09,Macro,input
FEDSA,2024-08-01,FEDFUNDS,5.05,Macro,input
FEDSA,2024-09-01,FEDFUNDS,5.01,Macro,input
FEDSA,2024-10-01,FEDFUNDS,4.97,Macro,input
FEDSA,2024-11-01,FEDFUNDS,4.93,Macro,input
FEDSA,2024-12-01,FEDFUNDS,4.89,Macro,input
FEDSA,2025-01-01,FEDFUNDS,4.85,Macro,input
FEDSA,2025-02-01,FEDFUNDS,4.81,Macro,input
FEDSA,2025-03-01,FEDFUNDS,4.77,Macro,input
FEDSA,2025-04-01,FEDFUNDS,4.73,Macro,input
FEDSA,2025-05-01,FEDFUNDS,4.69,Macro,input
FEDSA,2025-06-01,FEDFUNDS,4.65,Macro,input
FEDSA,2025-07-01,FEDFUNDS,4.61,Macro,input
FEDSA,2025-08-01,FEDFUNDS,4.57,Macro,input
FEDSA,2025-09-01,FEDFUNDS,4.53,Macro,input
FEDSA,2025-10-01,FEDFUNDS,4.49,Macro,input
FEDSA,2025-11-01,FEDFUNDS,4.45,Macro,input
FEDSA,2025-12-01,FEDFUNDS,4.41,Macro,input
FEDSA,2026-01-01,FEDFUNDS,4.37,Macro,input
FEDSA,2026-02-01,FEDFUNDS,4.33,Macro,input
FEDSA,2026-03-01,FEDFUNDS,4.29,Macro,input
FEDSA,2026-04-01,FEDFUNDS,4.25,Macro,input
FEDSA,2026-05-01,FEDFUNDS,4.21,Macro,input
FEDSA,2026-06-01,FEDFUNDS,4.17,Macro,input
FEDSA,2026-07-01,FEDFUNDS,4.13,Macro,input
FEDSA,2026-08-01,FEDFUNDS,4.09,Macro,input
FEDSA,2026-09-01,FEDFUNDS,4.05,Macro,input
FEDSA,2026-10-01,FEDFUNDS,4.01,Macro,input
FEDSA,2026-11-01,FEDFUNDS,3.97,Macro,input
FEDSA,2026-12-01,FEDFUNDS,3.93,Macro,input
FEDSA,2024-01-01,interest_apy,1.8167,GB,output
FEDSA,2024-01-01,interest_expense,63.584,GB,output
FEDSA,2024-01-01,ecr_driven_avg_balance,16.8,GB,output
FEDSA,2024-01-01,rate_driven_balance,25.2,GB,output
FEDSA,2024-02-01,interest_apy,1.7554,GB,output
FEDSA,2024-02-01,interest_expense,61.424,GB,output
FEDSA,2024-02-01,ecr_driven_avg_balance,16.8,GB,output
FEDSA,2024-02-01,rate_driven_balance,25.19,GB,output
FEDSA,2024-03-01,interest_apy,1.7666,GB,output
FEDSA,2024-03-01,interest_expense,61.802,GB,output
FEDSA,2024-03-01,ecr_driven_avg_balance,16.8,GB,output
FEDSA,2024-03-01,rate_driven_balance,25.18,GB,output
FEDSA,2024-04-01,interest_apy,1.7628,GB,output
FEDSA,2024-04-01,interest_expense,61.654,GB,output
FEDSA,2024-04-01,ecr_driven_avg_balance,16.8,GB,output
FEDSA,2024-04-01,rate_driven_balance,25.17,GB,output
FEDSA,2024-05-01,interest_apy,1.6626,GB,output
FEDSA,2024-05-01,interest_expense,58.136,GB,output
FEDSA,2024-05-01,ecr_driven_avg_balance,16.8,GB,output
FEDSA,2024-05-01,rate_driven_balance,25.16,GB,output
FEDSA,2024-06-01,interest_apy,1.6741,GB,output
FEDSA,2024-06-01,interest_expense,58.524,GB,output
FEDSA,2024-06-01,ecr_driven_avg_balance,16.8,GB,output
FEDSA,2024-06-01,rate_driven_balance,25.15,GB,output
FEDSA,2024-07-01,interest_apy,1.6795,GB,output
FEDSA,2024-07-01,interest_expense,58.699,GB,output
FEDSA,2024-07-01,ecr_driven_avg_balance,16.8,GB,output
FEDSA,2024-07-01,rate_driven_balance,25.14,GB,output
FEDSA,2024-08-01,interest_apy,1.6419,GB,output
FEDSA,2024-08-01,interest_expense,57.371,GB,output
FEDSA,2024-08-01,ecr_driven_avg_balance,16.8,GB,output
FEDSA,2024-08-01,rate_driven_balance,25.13,GB,output
FEDSA,2024-09-01,interest_apy,1.6314,GB,output
FEDSA,2024-09-01,interest_expense,56.99,GB,output
FEDSA,2024-09-01,ecr_driven_avg_balance,16.8,GB,output
FEDSA,2024-09-01,rate_driven_balance,25.12,GB,output
FEDSA,2024-10-01,interest_apy,1.5899,GB,output
FEDSA,2024-10-01,interest_expense,55.527,GB,output
FEDSA,2024-10-01,ecr_driven_avg_balance,16.8,GB,output
FEDSA,2024-10-01,rate_driven_balance,25.11,GB,output
FEDSA,2024-11-01,interest_apy,1.5817,GB,output
FEDSA,2024-11-01,interest_expense,55.228,GB,output
FEDSA,2024-11-01,ecr_driven_avg_balance,16.8,GB,output
FEDSA,2024-11-01,rate_driven_balance,25.1,GB,output
FEDSA,2024-12-01,interest_apy,1.5549,GB,output
FEDSA,2024-12-01,interest_expense,54.279,GB,output
FEDSA,2024-12-01,ecr_driven_avg_balance,16.8,GB,output
FEDSA,2024-12-01,rate_driven_balance,25.09,GB,output
FEDSA,2025-01-01,interest_apy,1.5594,GB,output
FEDSA,2025-01-01,interest_expense,54.423,GB,output
FEDSA,2025-01-01,ecr_driven_avg_balance,16.8,GB,output
FEDSA,2025-01-01,rate_driven_balance,25.08,GB,output
FEDSA,2025-02-01,interest_apy,1.5191,GB,output
FEDSA,2025-02-01,interest_expense,53.004,GB,output
FEDSA,2025-02-01,ecr_driven_avg_balance,16.8,GB,output
FEDSA,2025-02-01,rate_driven_balance,25.07,GB,output
FEDSA,2025-03-01,interest_apy,1.4988,GB,output
FEDSA,2025-03-01,interest_expense,52.283,GB,output
FEDSA,2025-03-01,ecr_driven_avg_balance,16.8,GB,output
FEDSA,2025-03-01,rate_driven_balance,25.06,GB,output
FEDSA,2025-04-01,interest_apy,1.4618,GB,output
FEDSA,2025-04-01,interest_expense,50.98,GB,output
FEDSA,2025-04-01,ecr_driven_avg_balance,16.8,GB,output
FEDSA,2025-04-01,rate_driven_balance,25.05,GB,output
FEDSA,2025-05-01,interest_apy,1.4382,GB,output
FEDSA,2025-05-01,interest_expense,50.145,GB,output
FEDSA,2025-05-01,ecr_driven_avg_balance,16.8,GB,output
FEDSA,2025-05-01,rate_driven_balance,25.04,GB,output
FEDSA,2025-06-01,interest_apy,1.4173,GB,output
FEDSA,2025-06-01,interest_expense,49.405,GB,output
FEDSA,2025-06-01,ecr_driven_avg_balance,16.8,GB,output
FEDSA,2025-06-01,rate_driven_balance,25.03,GB,output
FEDSA,2025-07-01,interest_apy,1.4119,GB,output
FEDSA,2025-07-01,interest_expense,49.205,GB,output
FEDSA,2025-07-01,ecr_driven_avg_balance,16.8,GB,output
FEDSA,2025-07-01,rate_driven_balance,25.02,GB,output
FEDSA,2025-08-01,interest_apy,1.3736,GB,output
FEDSA,2025-08-01,interest_expense,47.859,GB,output
FEDSA,2025-08-01,ecr_driven_avg_balance,16.8,GB,output
FEDSA,2025-08-01,rate_driven_balance,25.01,GB,output
FEDSA,2025-09-01,interest_apy,1.3658,GB,output
FEDSA,2025-09-01,interest_expense,47.575,GB,output
FEDSA,2025-09-01,ecr_driven_avg_balance,16.8,GB,output
FEDSA,2025-09-01,rate_driven_balance,25.0,GB,output
FEDSA,2025-10-01,interest_apy,1.3795,GB,output
FEDSA,2025-10-01,interest_expense,48.041,GB,output
FEDSA,2025-10-01,ecr_driven_avg_balance,16.8,GB,output
FEDSA,2025-10-01,rate_driven_balance,24.99,GB,output
FEDSA,2025-11-01,interest_apy,1.3334,GB,output
FEDSA,2025-11-01,interest_expense,46.425,GB,output
FEDSA,2025-11-01,ecr_driven_avg_balance,16.8,GB,output
FEDSA,2025-11-01,rate_driven_balance,24.98,GB,output
FEDSA,2025-12-01,interest_apy,1.2875,GB,output
FEDSA,2025-12-01,interest_expense,44.816,GB,output
FEDSA,2025-12-01,ecr_driven_avg_balance,16.8,GB,output
FEDSA,2025-12-01,rate_driven_balance,24.97,GB,output
FEDSA,2026-01-01,interest_apy,1.296,GB,output
FEDSA,2026-01-01,interest_expense,45.101,GB,output
FEDSA,2026-01-01,ecr_driven_avg_balance,16.8,GB,output
FEDSA,2026-01-01,rate_driven_balance,24.96,GB,output
FEDSA,2026-02-01,interest_apy,1.2418,GB,output
FEDSA,2026-02-01,interest_expense,43.204,GB,output
FEDSA,2026-02-01,ecr_driven_avg_balance,16.8,GB,output
FEDSA,2026-02-01,rate_driven_balance,24.95,GB,output
FEDSA,2026-03-01,interest_apy,1.1872,GB,output
FEDSA,2026-03-01,interest_expense,41.295,GB,output
FEDSA,2026-03-01,ecr_driven_avg_balance,16.8,GB,output
FEDSA,2026-03-01,rate_driven_balance,24.94,GB,output
FEDSA,2026-04-01,interest_apy,1.1858,GB,output
FEDSA,2026-04-01,interest_expense,41.236,GB,output
FEDSA,2026-04-01,ecr_driven_avg_balance,16.8,GB,output
FEDSA,2026-04-01,rate_driven_balance,24.93,GB,output
FEDSA,2026-05-01,interest_apy,1.1466,GB,output
FEDSA,2026-05-01,interest_expense,39.863,GB,output
FEDSA,2026-05-01,ecr_driven_avg_balance,16.8,GB,output
FEDSA,2026-05-01,rate_driven_balance,24.92,GB,output
FEDSA,2026-06-01,interest_apy,1.155,GB,output
FEDSA,2026-06-01,interest_expense,40.146,GB,output
FEDSA,2026-06-01,ecr_driven_avg_balance,16.8,GB,output
FEDSA,2026-06-01,rate_driven_balance,24.91,GB,output
FEDSA,2026-07-01,interest_apy,1.1404,GB,output
FEDSA,2026-07-01,interest_expense,39.629,GB,output
FEDSA,2026-07-01,ecr_driven_avg_balance,16.8,GB,output
FEDSA,2026-07-01,rate_driven_balance,24.9,GB,output
FEDSA,2026-08-01,interest_apy,1.1515,GB,output
FEDSA,2026-08-01,interest_expense,40.005,GB,output
FEDSA,2026-08-01,ecr_driven_avg_balance,16.8,GB,output
FEDSA,2026-08-01,rate_driven_balance,24.89,GB,output
FEDSA,2026-09-01,interest_apy,1.1025,GB,output
FEDSA,2026-09-01,interest_expense,38.294,GB,output
FEDSA,2026-09-01,ecr_driven_avg_balance,16.8,GB,output
FEDSA,2026-09-01,rate_driven_balance,24.88,GB,output
FEDSA,2026-10-01,interest_apy,1.0696,GB,output
FEDSA,2026-10-01,interest_expense,37.142,GB,output
FEDSA,2026-10-01,ecr_driven_avg_balance,16.8,GB,output
FEDSA,2026-10-01,rate_driven_balance,24.87,GB,output
FEDSA,2026-11-01,interest_apy,1.0686,GB,output
FEDSA,2026-11-01,interest_expense,37.098,GB,output
FEDSA,2026-11-01,ecr_driven_avg_balance,16.8,GB,output
FEDSA,2026-11-01,rate_driven_balance,24.86,GB,output
FEDSA,2026-12-01,interest_apy,0.9858,GB,output
FEDSA,2026-12-01,interest_expense,34.215,GB,output
FEDSA,2026-12-01,ecr_driven_avg_balance,16.8,GB,output
FEDSA,2026-12-01,rate_driven_balance,24.85,GB,output
FEDSA,2024-01-01,interest_apy,2.1047,NON-GB,output
FEDSA,2024-01-01,interest_expense,49.987,NON-GB,output
FEDSA,2024-01-01,ecr_driven_avg_balance,11.4,NON-GB,output
FEDSA,2024-01-01,rate_driven_balance,17.1,NON-GB,output
FEDSA,2024-02-01,interest_apy,2.0906,NON-GB,output
FEDSA,2024-02-01,interest_expense,49.634,NON-GB,output
FEDSA,2024-02-01,ecr_driven_avg_balance,11.4,NON-GB,output
FEDSA,2024-02-01,rate_driven_balance,17.09,NON-GB,output
FEDSA,2024-03-01,interest_apy,2.0208,NON-GB,output
FEDSA,2024-03-01,interest_expense,47.977,NON-GB,output
FEDSA,2024-03-01,ecr_driven_avg_balance,11.4,NON-GB,output
FEDSA,2024-03-01,rate_driven_balance,17.09,NON-GB,output
FEDSA,2024-04-01,interest_apy,2.0485,NON-GB,output
FEDSA,2024-04-01,interest_expense,48.618,NON-GB,output
FEDSA,2024-04-01,ecr_driven_avg_balance,11.4,NON-GB,output
FEDSA,2024-04-01,rate_driven_balance,17.08,NON-GB,output
FEDSA,2024-05-01,interest_apy,2.0076,NON-GB,output
FEDSA,2024-05-01,interest_expense,47.63,NON-GB,output
FEDSA,2024-05-01,ecr_driven_avg_balance,11.4,NON-GB,output
FEDSA,2024-05-01,rate_driven_balance,17.07,NON-GB,output
FEDSA,2024-06-01,interest_apy,1.9677,NON-GB,output
FEDSA,2024-06-01,interest_expense,46.684,NON-GB,output
FEDSA,2024-06-01,ecr_driven_avg_balance,11.4,NON-GB,output
FEDSA,2024-06-01,rate_driven_balance,17.07,NON-GB,output
FEDSA,2024-07-01,interest_apy,1.9639,NON-GB,output
FEDSA,2024-07-01,interest_expense,46.577,NON-GB,output
FEDSA,2024-07-01,ecr_driven_avg_balance,11.4,NON-GB,output
FEDSA,2024-07-01,rate_driven_balance,17.06,NON-GB,output
FEDSA,2024-08-01,interest_apy,1.9718,NON-GB,output
FEDSA,2024-08-01,interest_expense,46.748,NON-GB,output
FEDSA,2024-08-01,ecr_driven_avg_balance,11.4,NON-GB,output
FEDSA,2024-08-01,rate_driven_balance,17.05,NON-GB,output
FEDSA,2024-09-01,interest_apy,1.9052,NON-GB,output
FEDSA,2024-09-01,interest_expense,45.169,NON-GB,output
FEDSA,2024-09-01,ecr_driven_avg_balance,11.4,NON-GB,output
FEDSA,2024-09-01,rate_driven_balance,17.05,NON-GB,output
FEDSA,2024-10-01,interest_apy,1.8818,NON-GB,output
FEDSA,2024-10-01,interest_expense,44.599,NON-GB,output
FEDSA,2024-10-01,ecr_driven_avg_balance,11.4,NON-GB,output
FEDSA,2024-10-01,rate_driven_balance,17.04,NON-GB,output
FEDSA,2024-11-01,interest_apy,1.8428,NON-GB,output
FEDSA,2024-11-01,interest_expense,43.659,NON-GB,output
FEDSA,2024-11-01,ecr_driven_avg_balance,11.4,NON-GB,output
FEDSA,2024-11-01,rate_driven_balance,17.03,NON-GB,output
FEDSA,2024-12-01,interest_apy,1.8102,NON-GB,output
FEDSA,2024-12-01,interest_expense,42.872,NON-GB,output
FEDSA,2024-12-01,ecr_driven_avg_balance,11.4,NON-GB,output
FEDSA,2024-12-01,rate_driven_balance,17.02,NON-GB,output
FEDSA,2025-01-01,interest_apy,1.819,NON-GB,output
FEDSA,2025-01-01,interest_expense,43.08,NON-GB,output
FEDSA,2025-01-01,ecr_driven_avg_balance,11.4,NON-GB,output
FEDSA,2025-01-01,rate_driven_balance,17.02,NON-GB,output
FEDSA,2025-02-01,interest_apy,1.7605,NON-GB,output
FEDSA,2025-02-01,interest_expense,41.68,NON-GB,output
FEDSA,2025-02-01,ecr_driven_avg_balance,11.4,NON-GB,output
FEDSA,2025-02-01,rate_driven_balance,17.01,NON-GB,output
FEDSA,2025-03-01,interest_apy,1.7542,NON-GB,output
FEDSA,2025-03-01,interest_expense,41.516,NON-GB,output
FEDSA,2025-03-01,ecr_driven_avg_balance,11.4,NON-GB,output
FEDSA,2025-03-01,rate_driven_balance,17.0,NON-GB,output
FEDSA,2025-04-01,interest_apy,1.7184,NON-GB,output
FEDSA,2025-04-01,interest_expense,40.669,NON-GB,output
FEDSA,2025-04-01,ecr_driven_avg_balance,11.4,NON-GB,output
FEDSA,2025-04-01,rate_driven_balance,17.0,NON-GB,output
FEDSA,2025-05-01,interest_apy,1.7128,NON-GB,output
FEDSA,2025-05-01,interest_expense,40.522,NON-GB,output
FEDSA,2025-05-01,ecr_driven_avg_balance,11.4,NON-GB,output
FEDSA,2025-05-01,rate_driven_balance,16.99,NON-GB,output
FEDSA,2025-06-01,interest_apy,1.6851,NON-GB,output
FEDSA,2025-06-01,interest_expense,39.853,NON-GB,output
FEDSA,2025-06-01,ecr_driven_avg_balance,11.4,NON-GB,output
FEDSA,2025-06-01,rate_driven_balance,16.98,NON-GB,output
FEDSA,2025-07-01,interest_apy,1.6744,NON-GB,output
FEDSA,2025-07-01,interest_expense,39.6,NON-GB,output
FEDSA,2025-07-01,ecr_driven_avg_balance,11.4,NON-GB,output
FEDSA,2025-07-01,rate_driven_balance,16.98,NON-GB,output
FEDSA,2025-08-01,interest_apy,1.6186,NON-GB,output
FEDSA,2025-08-01,interest_expense,38.266,NON-GB,output
FEDSA,2025-08-01,ecr_driven_avg_balance,11.4,NON-GB,output
FEDSA,2025-08-01,rate_driven_balance,16.97,NON-GB,output
FEDSA,2025-09-01,interest_apy,1.5986,NON-GB,output
FEDSA,2025-09-01,interest_expense,37.78,NON-GB,output
FEDSA,2025-09-01,ecr_driven_avg_balance,11.4,NON-GB,output
FEDSA,2025-09-01,rate_driven_balance,16.96,NON-GB,output
FEDSA,2025-10-01,interest_apy,1.5596,NON-GB,output
FEDSA,2025-10-01,interest_expense,36.859,NON-GB,output
FEDSA,2025-10-01,ecr_driven_avg_balance,11.4,NON-GB,output
FEDSA,2025-10-01,rate_driven_balance,16.96,NON-GB,output
FEDSA,2025-11-01,interest_apy,1.5455,NON-GB,output
FEDSA,2025-11-01,interest_expense,36.512,NON-GB,output
FEDSA,2025-11-01,ecr_driven_avg_balance,11.4,NON-GB,output
FEDSA,2025-11-01,rate_driven_balance,16.95,NON-GB,output
FEDSA,2025-12-01,interest_apy,1.5371,NON-GB,output
FEDSA,2025-12-01,interest_expense,36.301,NON-GB,output
FEDSA,2025-12-01,ecr_driven_avg_balance,11.4,NON-GB,output
FEDSA,2025-12-01,rate_driven_balance,16.94,NON-GB,output
FEDSA,2026-01-01,interest_apy,1.5199,NON-GB,output
FEDSA,2026-01-01,interest_expense,35.895,NON-GB,output
FEDSA,2026-01-01,ecr_driven_avg_balance,11.4,NON-GB,output
FEDSA,2026-01-01,rate_driven_balance,16.94,NON-GB,output
FEDSA,2026-02-01,interest_apy,1.4616,NON-GB,output
FEDSA,2026-02-01,interest_expense,34.506,NON-GB,output
FEDSA,2026-02-01,ecr_driven_avg_balance,11.4,NON-GB,output
FEDSA,2026-02-01,rate_driven_balance,16.93,NON-GB,output
FEDSA,2026-03-01,interest_apy,1.4726,NON-GB,output
FEDSA,2026-03-01,interest_expense,34.753,NON-GB,output
FEDSA,2026-03-01,ecr_driven_avg_balance,11.4,NON-GB,output
FEDSA,2026-03-01,rate_driven_balance,16.92,NON-GB,output
FEDSA,2026-04-01,interest_apy,1.4575,NON-GB,output
FEDSA,2026-04-01,interest_expense,34.397,NON-GB,output
FEDSA,2026-04-01,ecr_driven_avg_balance,11.4,NON-GB,output
FEDSA,2026-04-01,rate_driven_balance,16.92,NON-GB,output
FEDSA,2026-05-01,interest_apy,1.4139,NON-GB,output
FEDSA,2026-05-01,interest_expense,33.356,NON-GB,output
FEDSA,2026-05-01,ecr_driven_avg_balance,11.4,NON-GB,output
FEDSA,2026-05-01,rate_driven_balance,16.91,NON-GB,output
FEDSA,2026-06-01,interest_apy,1.4183,NON-GB,output
FEDSA,2026-06-01,interest_expense,33.448,NON-GB,output
FEDSA,2026-06-01,ecr_driven_avg_balance,11.4,NON-GB,output
FEDSA,2026-06-01,rate_driven_balance,16.9,NON-GB,output
FEDSA,2026-07-01,interest_apy,1.3405,NON-GB,output
FEDSA,2026-07-01,interest_expense,31.602,NON-GB,output
FEDSA,2026-07-01,ecr_driven_avg_balance,11.4,NON-GB,output
FEDSA,2026-07-01,rate_driven_balance,16.89,NON-GB,output
FEDSA,2026-08-01,interest_apy,1.3063,NON-GB,output
FEDSA,2026-08-01,interest_expense,30.796,NON-GB,output
FEDSA,2026-08-01,ecr_driven_avg_balance,11.4,NON-GB,output
FEDSA,2026-08-01,rate_driven_balance,16.89,NON-GB,output
FEDSA,2026-09-01,interest_apy,1.2708,NON-GB,output
FEDSA,2026-09-01,interest_expense,29.949,NON-GB,output
FEDSA,2026-09-01,ecr_driven_avg_balance,11.4,NON-GB,output
FEDSA,2026-09-01,rate_driven_balance,16.88,NON-GB,output
FEDSA,2026-10-01,interest_apy,1.3115,NON-GB,output
FEDSA,2026-10-01,interest_expense,30.897,NON-GB,output
FEDSA,2026-10-01,ecr_driven_avg_balance,11.4,NON-GB,output
FEDSA,2026-10-01,rate_driven_balance,16.87,NON-GB,output
FEDSA,2026-11-01,interest_apy,1.2699,NON-GB,output
FEDSA,2026-11-01,interest_expense,29.917,NON-GB,output
FEDSA,2026-11-01,ecr_driven_avg_balance,11.4,NON-GB,output
FEDSA,2026-11-01,rate_driven_balance,16.87,NON-GB,output
FEDSA,2026-12-01,interest_apy,1.2309,NON-GB,output
FEDSA,2026-12-01,interest_expense,28.988,NON-GB,output
FEDSA,2026-12-01,ecr_driven_avg_balance,11.4,NON-GB,output
FEDSA,2026-12-01,rate_driven_balance,16.86,NON-GB,output
FEDSA,2024-01-01,interest_apy,3.5056,HYMM,output
FEDSA,2024-01-01,interest_expense,43.82,HYMM,output
FEDSA,2024-01-01,ecr_driven_avg_balance,6.0,HYMM,output
FEDSA,2024-01-01,rate_driven_balance,9.0,HYMM,output
FEDSA,2024-02-01,interest_apy,3.4455,HYMM,output
FEDSA,2024-02-01,interest_expense,43.069,HYMM,output
FEDSA,2024-02-01,ecr_driven_avg_balance,6.0,HYMM,output
FEDSA,2024-02-01,rate_driven_balance,9.0,HYMM,output
FEDSA,2024-03-01,interest_apy,3.4849,HYMM,output
FEDSA,2024-03-01,interest_expense,43.532,HYMM,output
FEDSA,2024-03-01,ecr_driven_avg_balance,6.0,HYMM,output
FEDSA,2024-03-01,rate_driven_balance,8.99,HYMM,output
FEDSA,2024-04-01,interest_apy,3.4066,HYMM,output
FEDSA,2024-04-01,interest_expense,42.554,HYMM,output
FEDSA,2024-04-01,ecr_driven_avg_balance,6.0,HYMM,output
FEDSA,2024-04-01,rate_driven_balance,8.99,HYMM,output
FEDSA,2024-05-01,interest_apy,3.3742,HYMM,output
FEDSA,2024-05-01,interest_expense,42.149,HYMM,output
FEDSA,2024-05-01,ecr_driven_avg_balance,6.0,HYMM,output
FEDSA,2024-05-01,rate_driven_balance,8.99,HYMM,output
FEDSA,2024-06-01,interest_apy,3.3545,HYMM,output
FEDSA,2024-06-01,interest_expense,41.875,HYMM,output
FEDSA,2024-06-01,ecr_driven_avg_balance,6.0,HYMM,output
FEDSA,2024-06-01,rate_driven_balance,8.98,HYMM,output
FEDSA,2024-07-01,interest_apy,3.3176,HYMM,output
FEDSA,2024-07-01,interest_expense,41.415,HYMM,output
FEDSA,2024-07-01,ecr_driven_avg_balance,6.0,HYMM,output
FEDSA,2024-07-01,rate_driven_balance,8.98,HYMM,output
FEDSA,2024-08-01,interest_apy,3.2805,HYMM,output
FEDSA,2024-08-01,interest_expense,40.924,HYMM,output
FEDSA,2024-08-01,ecr_driven_avg_balance,6.0,HYMM,output
FEDSA,2024-08-01,rate_driven_balance,8.97,HYMM,output
FEDSA,2024-09-01,interest_apy,3.2282,HYMM,output
FEDSA,2024-09-01,interest_expense,40.272,HYMM,output
FEDSA,2024-09-01,ecr_driven_avg_balance,6.0,HYMM,output
FEDSA,2024-09-01,rate_driven_balance,8.97,HYMM,output
FEDSA,2024-10-01,interest_apy,3.2214,HYMM,output
FEDSA,2024-10-01,interest_expense,40.187,HYMM,output
FEDSA,2024-10-01,ecr_driven_avg_balance,6.0,HYMM,output
FEDSA,2024-10-01,rate_driven_balance,8.97,HYMM,output
FEDSA,2024-11-01,interest_apy,3.2176,HYMM,output
FEDSA,2024-11-01,interest_expense,40.113,HYMM,output
FEDSA,2024-11-01,ecr_driven_avg_balance,6.0,HYMM,output
FEDSA,2024-11-01,rate_driven_balance,8.96,HYMM,output
FEDSA,2024-12-01,interest_apy,3.1749,HYMM,output
FEDSA,2024-12-01,interest_expense,39.58,HYMM,output
FEDSA,2024-12-01,ecr_driven_avg_balance,6.0,HYMM,output
FEDSA,2024-12-01,rate_driven_balance,8.96,HYMM,output
FEDSA,2025-01-01,interest_apy,3.1479,HYMM,output
FEDSA,2025-01-01,interest_expense,39.244,HYMM,output
FEDSA,2025-01-01,ecr_driven_avg_balance,6.0,HYMM,output
FEDSA,2025-01-01,rate_driven_balance,8.96,HYMM,output
FEDSA,2025-02-01,interest_apy,3.0738,HYMM,output
FEDSA,2025-02-01,interest_expense,38.294,HYMM,output
FEDSA,2025-02-01,ecr_driven_avg_balance,6.0,HYMM,output
FEDSA,2025-02-01,rate_driven_balance,8.95,HYMM,output
FEDSA,2025-03-01,interest_apy,3.0322,HYMM,output
FEDSA,2025-03-01,interest_expense,37.776,HYMM,output
FEDSA,2025-03-01,ecr_driven_avg_balance,6.0,HYMM,output
FEDSA,2025-03-01,rate_driven_balance,8.95,HYMM,output
FEDSA,2025-04-01,interest_apy,3.0175,HYMM,output
FEDSA,2025-04-01,interest_expense,37.593,HYMM,output
FEDSA,2025-04-01,ecr_driven_avg_balance,6.0,HYMM,output
FEDSA,2025-04-01,rate_driven_balance,8.95,HYMM,output
FEDSA,2025-05-01,interest_apy,2.9891,HYMM,output
FEDSA,2025-05-01,interest_expense,37.214,HYMM,output
FEDSA,2025-05-01,ecr_driven_avg_balance,6.0,HYMM,output
FEDSA,2025-05-01,rate_driven_balance,8.94,HYMM,output
FEDSA,2025-06-01,interest_apy,2.9779,HYMM,output
FEDSA,2025-06-01,interest_expense,37.075,HYMM,output
FEDSA,2025-06-01,ecr_driven_avg_balance,6.0,HYMM,output
FEDSA,2025-06-01,rate_driven_balance,8.94,HYMM,output
FEDSA,2025-07-01,interest_apy,2.8902,HYMM,output
FEDSA,2025-07-01,interest_expense,35.983,HYMM,output
FEDSA,2025-07-01,ecr_driven_avg_balance,6.0,HYMM,output
FEDSA,2025-07-01,rate_driven_balance,8.94,HYMM,output
FEDSA,2025-08-01,interest_apy,2.9226,HYMM,output
FEDSA,2025-08-01,interest_expense,36.362,HYMM,output
FEDSA,2025-08-01,ecr_driven_avg_balance,6.0,HYMM,output
FEDSA,2025-08-01,rate_driven_balance,8.93,HYMM,output
FEDSA,2025-09-01,interest_apy,2.8568,HYMM,output
FEDSA,2025-09-01,interest_expense,35.543,HYMM,output
FEDSA,2025-09-01,ecr_driven_avg_balance,6.0,HYMM,output
FEDSA,2025-09-01,rate_driven_balance,8.93,HYMM,output
FEDSA,2025-10-01,interest_apy,2.8195,HYMM,output
FEDSA,2025-10-01,interest_expense,35.056,HYMM,output
FEDSA,2025-10-01,ecr_driven_avg_balance,6.0,HYMM,output
FEDSA,2025-10-01,rate_driven_balance,8.92,HYMM,output
FEDSA,2025-11-01,interest_apy,2.7758,HYMM,output
FEDSA,2025-11-01,interest_expense,34.512,HYMM,output
FEDSA,2025-11-01,ecr_driven_avg_balance,6.0,HYMM,output
FEDSA,2025-11-01,rate_driven_balance,8.92,HYMM,output
FEDSA,2025-12-01,interest_apy,2.7309,HYMM,output
FEDSA,2025-12-01,interest_expense,33.954,HYMM,output
FEDSA,2025-12-01,ecr_driven_avg_balance,6.0,HYMM,output
FEDSA,2025-12-01,rate_driven_balance,8.92,HYMM,output
FEDSA,2026-01-01,interest_apy,2.7485,HYMM,output
FEDSA,2026-01-01,interest_expense,34.15,HYMM,output
FEDSA,2026-01-01,ecr_driven_avg_balance,6.0,HYMM,output
FEDSA,2026-01-01,rate_driven_balance,8.91,HYMM,output
FEDSA,2026-02-01,interest_apy,2.7015,HYMM,output
FEDSA,2026-02-01,interest_expense,33.566,HYMM,output
FEDSA,2026-02-01,ecr_driven_avg_balance,6.0,HYMM,output
FEDSA,2026-02-01,rate_driven_balance,8.91,HYMM,output
FEDSA,2026-03-01,interest_apy,2.6422,HYMM,output
FEDSA,2026-03-01,interest_expense,32.829,HYMM,output
FEDSA,2026-03-01,ecr_driven_avg_balance,6.0,HYMM,output
FEDSA,2026-03-01,rate_driven_balance,8.91,HYMM,output
FEDSA,2026-04-01,interest_apy,2.6101,HYMM,output
FEDSA,2026-04-01,interest_expense,32.409,HYMM,output
FEDSA,2026-04-01,ecr_driven_avg_balance,6.0,HYMM,output
FEDSA,2026-04-01,rate_driven_balance,8.9,HYMM,output
FEDSA,2026-05-01,interest_apy,2.5973,HYMM,output
FEDSA,2026-05-01,interest_expense,32.25,HYMM,output
FEDSA,2026-05-01,ecr_driven_avg_balance,6.0,HYMM,output
FEDSA,2026-05-01,rate_driven_balance,8.9,HYMM,output
FEDSA,2026-06-01,interest_apy,2.6054,HYMM,output
FEDSA,2026-06-01,interest_expense,32.35,HYMM,output
FEDSA,2026-06-01,ecr_driven_avg_balance,6.0,HYMM,output
FEDSA,2026-06-01,rate_driven_balance,8.9,HYMM,output
FEDSA,2026-07-01,interest_apy,2.5348,HYMM,output
FEDSA,2026-07-01,interest_expense,31.453,HYMM,output
FEDSA,2026-07-01,ecr_driven_avg_balance,6.0,HYMM,output
FEDSA,2026-07-01,rate_driven_balance,8.89,HYMM,output
FEDSA,2026-08-01,interest_apy,2.4779,HYMM,output
FEDSA,2026-08-01,interest_expense,30.747,HYMM,output
FEDSA,2026-08-01,ecr_driven_avg_balance,6.0,HYMM,output
FEDSA,2026-08-01,rate_driven_balance,8.89,HYMM,output
FEDSA,2026-09-01,interest_apy,2.4711,HYMM,output
FEDSA,2026-09-01,interest_expense,30.642,HYMM,output
FEDSA,2026-09-01,ecr_driven_avg_balance,6.0,HYMM,output
FEDSA,2026-09-01,rate_driven_balance,8.88,HYMM,output
FEDSA,2026-10-01,interest_apy,2.4385,HYMM,output
FEDSA,2026-10-01,interest_expense,30.237,HYMM,output
FEDSA,2026-10-01,ecr_driven_avg_balance,6.0,HYMM,output
FEDSA,2026-10-01,rate_driven_balance,8.88,HYMM,output
FEDSA,2026-11-01,interest_apy,2.3581,HYMM,output
FEDSA,2026-11-01,interest_expense,29.24,HYMM,output
FEDSA,2026-11-01,ecr_driven_avg_balance,6.0,HYMM,output
FEDSA,2026-11-01,rate_driven_balance,8.88,HYMM,output
FEDSA,2026-12-01,interest_apy,2.3789,HYMM,output
FEDSA,2026-12-01,interest_expense,29.479,HYMM,output
FEDSA,2026-12-01,ecr_driven_avg_balance,6.0,HYMM,output
FEDSA,2026-12-01,rate_driven_balance,8.87,HYMM,output
FEDSA,2024-01-01,interest_apy,1.1954,Macro,output
FEDSA,2024-01-01,interest_expense,54.789,Macro,output
FEDSA,2024-01-01,ecr_driven_avg_balance,22.0,Macro,output
FEDSA,2024-01-01,rate_driven_balance,33.0,Macro,output
FEDSA,2024-02-01,interest_apy,1.1959,Macro,output
FEDSA,2024-02-01,interest_expense,54.802,Macro,output
FEDSA,2024-02-01,ecr_driven_avg_balance,22.0,Macro,output
FEDSA,2024-02-01,rate_driven_balance,32.99,Macro,output
FEDSA,2024-03-01,interest_apy,1.201,Macro,output
FEDSA,2024-03-01,interest_expense,55.016,Macro,output
FEDSA,2024-03-01,ecr_driven_avg_balance,22.0,Macro,output
FEDSA,2024-03-01,rate_driven_balance,32.97,Macro,output
FEDSA,2024-04-01,interest_apy,1.1685,Macro,output
FEDSA,2024-04-01,interest_expense,53.517,Macro,output
FEDSA,2024-04-01,ecr_driven_avg_balance,22.0,Macro,output
FEDSA,2024-04-01,rate_driven_balance,32.96,Macro,output
FEDSA,2024-05-01,interest_apy,1.1226,Macro,output
FEDSA,2024-05-01,interest_expense,51.406,Macro,output
FEDSA,2024-05-01,ecr_driven_avg_balance,22.0,Macro,output
FEDSA,2024-05-01,rate_driven_balance,32.95,Macro,output
FEDSA,2024-06-01,interest_apy,1.0879,Macro,output
FEDSA,2024-06-01,interest_expense,49.799,Macro,output
FEDSA,2024-06-01,ecr_driven_avg_balance,22.0,Macro,output
FEDSA,2024-06-01,rate_driven_balance,32.93,Macro,output
FEDSA,2024-07-01,interest_apy,1.1435,Macro,output
FEDSA,2024-07-01,interest_expense,52.334,Macro,output
FEDSA,2024-07-01,ecr_driven_avg_balance,22.0,Macro,output
FEDSA,2024-07-01,rate_driven_balance,32.92,Macro,output
FEDSA,2024-08-01,interest_apy,1.0752,Macro,output
FEDSA,2024-08-01,interest_expense,49.199,Macro,output
FEDSA,2024-08-01,ecr_driven_avg_balance,22.0,Macro,output
FEDSA,2024-08-01,rate_driven_balance,32.91,Macro,output
FEDSA,2024-09-01,interest_apy,1.0563,Macro,output
FEDSA,2024-09-01,interest_expense,48.317,Macro,output
FEDSA,2024-09-01,ecr_driven_avg_balance,22.0,Macro,output
FEDSA,2024-09-01,rate_driven_balance,32.89,Macro,output
FEDSA,2024-10-01,interest_apy,1.0375,Macro,output
FEDSA,2024-10-01,interest_expense,47.448,Macro,output
FEDSA,2024-10-01,ecr_driven_avg_balance,22.0,Macro,output
FEDSA,2024-10-01,rate_driven_balance,32.88,Macro,output
FEDSA,2024-11-01,interest_apy,1.024,Macro,output
FEDSA,2024-11-01,interest_expense,46.822,Macro,output
FEDSA,2024-11-01,ecr_driven_avg_balance,22.0,Macro,output
FEDSA,2024-11-01,rate_driven_balance,32.87,Macro,output
FEDSA,2024-12-01,interest_apy,0.9991,Macro,output
FEDSA,2024-12-01,interest_expense,45.667,Macro,output
FEDSA,2024-12-01,ecr_driven_avg_balance,22.0,Macro,output
FEDSA,2024-12-01,rate_driven_balance,32.85,Macro,output
FEDSA,2025-01-01,interest_apy,0.9725,Macro,output
FEDSA,2025-01-01,interest_expense,44.443,Macro,output
FEDSA,2025-01-01,ecr_driven_avg_balance,22.0,Macro,output
FEDSA,2025-01-01,rate_driven_balance,32.84,Macro,output
FEDSA,2025-02-01,interest_apy,0.9551,Macro,output
FEDSA,2025-02-01,interest_expense,43.64,Macro,output
FEDSA,2025-02-01,ecr_driven_avg_balance,22.0,Macro,output
FEDSA,2025-02-01,rate_driven_balance,32.83,Macro,output
FEDSA,2025-03-01,interest_apy,0.9473,Macro,output
FEDSA,2025-03-01,interest_expense,43.276,Macro,output
FEDSA,2025-03-01,ecr_driven_avg_balance,22.0,Macro,output
FEDSA,2025-03-01,rate_driven_balance,32.82,Macro,output
FEDSA,2025-04-01,interest_apy,0.9191,Macro,output
FEDSA,2025-04-01,interest_expense,41.972,Macro,output
FEDSA,2025-04-01,ecr_driven_avg_balance,22.0,Macro,output
FEDSA,2025-04-01,rate_driven_balance,32.8,Macro,output
FEDSA,2025-05-01,interest_apy,0.8977,Macro,output
FEDSA,2025-05-01,interest_expense,40.987,Macro,output
FEDSA,2025-05-01,ecr_driven_avg_balance,22.0,Macro,output
FEDSA,2025-05-01,rate_driven_balance,32.79,Macro,output
FEDSA,2025-06-01,interest_apy,0.8961,Macro,output
FEDSA,2025-06-01,interest_expense,40.907,Macro,output
FEDSA,2025-06-01,ecr_driven_avg_balance,22.0,Macro,output
FEDSA,2025-06-01,rate_driven_balance,32.78,Macro,output
FEDSA,2025-07-01,interest_apy,0.8709,Macro,output
FEDSA,2025-07-01,interest_expense,39.742,Macro,output
FEDSA,2025-07-01,ecr_driven_avg_balance,22.0,Macro,output
FEDSA,2025-07-01,rate_driven_balance,32.76,Macro,output
FEDSA,2025-08-01,interest_apy,0.8881,Macro,output
FEDSA,2025-08-01,interest_expense,40.52,Macro,output
FEDSA,2025-08-01,ecr_driven_avg_balance,22.0,Macro,output
FEDSA,2025-08-01,rate_driven_balance,32.75,Macro,output
FEDSA,2025-09-01,interest_apy,0.787,Macro,output
FEDSA,2025-09-01,interest_expense,35.9,Macro,output
FEDSA,2025-09-01,ecr_driven_avg_balance,22.0,Macro,output
FEDSA,2025-09-01,rate_driven_balance,32.74,Macro,output
FEDSA,2025-10-01,interest_apy,0.8438,Macro,output
FEDSA,2025-10-01,interest_expense,38.477,Macro,output
FEDSA,2025-10-01,ecr_driven_avg_balance,22.0,Macro,output
FEDSA,2025-10-01,rate_driven_balance,32.72,Macro,output
FEDSA,2025-11-01,interest_apy,0.8289,Macro,output
FEDSA,2025-11-01,interest_expense,37.791,Macro,output
FEDSA,2025-11-01,ecr_driven_avg_balance,22.0,Macro,output
FEDSA,2025-11-01,rate_driven_balance,32.71,Macro,output
FEDSA,2025-12-01,interest_apy,0.7445,Macro,output
FEDSA,2025-12-01,interest_expense,33.937,Macro,output
FEDSA,2025-12-01,ecr_driven_avg_balance,22.0,Macro,output
FEDSA,2025-12-01,rate_driven_balance,32.7,Macro,output
FEDSA,2026-01-01,interest_apy,0.7611,Macro,output
FEDSA,2026-01-01,interest_expense,34.681,Macro,output
FEDSA,2026-01-01,ecr_driven_avg_balance,22.0,Macro,output
FEDSA,2026-01-01,rate_driven_balance,32.68,Macro,output
FEDSA,2026-02-01,interest_apy,0.7426,Macro,output
FEDSA,2026-02-01,interest_expense,33.832,Macro,output
FEDSA,2026-02-01,ecr_driven_avg_balance,22.0,Macro,output
FEDSA,2026-02-01,rate_driven_balance,32.67,Macro,output
FEDSA,2026-03-01,interest_apy,0.7038,Macro,output
FEDSA,2026-03-01,interest_expense,32.058,Macro,output
FEDSA,2026-03-01,ecr_driven_avg_balance,22.0,Macro,output
FEDSA,2026-03-01,rate_driven_balance,32.66,Macro,output
FEDSA,2026-04-01,interest_apy,0.6984,Macro,output
FEDSA,2026-04-01,interest_expense,31.8,Macro,output
FEDSA,2026-04-01,ecr_driven_avg_balance,22.0,Macro,output
FEDSA,2026-04-01,rate_driven_balance,32.64,Macro,output
FEDSA,2026-05-01,interest_apy,0.6738,Macro,output
FEDSA,2026-05-01,interest_expense,30.675,Macro,output
FEDSA,2026-05-01,ecr_driven_avg_balance,22.0,Macro,output
FEDSA,2026-05-01,rate_driven_balance,32.63,Macro,output
FEDSA,2026-06-01,interest_apy,0.713,Macro,output
FEDSA,2026-06-01,interest_expense,32.453,Macro,output
FEDSA,2026-06-01,ecr_driven_avg_balance,22.0,Macro,output
FEDSA,2026-06-01,rate_driven_balance,32.62,Macro,output
FEDSA,2026-07-01,interest_apy,0.6787,Macro,output
FEDSA,2026-07-01,interest_expense,30.881,Macro,output
FEDSA,2026-07-01,ecr_driven_avg_balance,22.0,Macro,output
FEDSA,2026-07-01,rate_driven_balance,32.6,Macro,output
FEDSA,2026-08-01,interest_apy,0.6674,Macro,output
FEDSA,2026-08-01,interest_expense,30.361,Macro,output
FEDSA,2026-08-01,ecr_driven_avg_balance,22.0,Macro,output
FEDSA,2026-08-01,rate_driven_balance,32.59,Macro,output
FEDSA,2026-09-01,interest_apy,0.6384,Macro,output
FEDSA,2026-09-01,interest_expense,29.037,Macro,output
FEDSA,2026-09-01,ecr_driven_avg_balance,22.0,Macro,output
FEDSA,2026-09-01,rate_driven_balance,32.58,Macro,output
FEDSA,2026-10-01,interest_apy,0.5834,Macro,output
FEDSA,2026-10-01,interest_expense,26.525,Macro,output
FEDSA,2026-10-01,ecr_driven_avg_balance,22.0,Macro,output
FEDSA,2026-10-01,rate_driven_balance,32.56,Macro,output
FEDSA,2026-11-01,interest_apy,0.5775,Macro,output
FEDSA,2026-11-01,interest_expense,26.252,Macro,output
FEDSA,2026-11-01,ecr_driven_avg_balance,22.0,Macro,output
FEDSA,2026-11-01,rate_driven_balance,32.55,Macro,output
FEDSA,2026-12-01,interest_apy,0.5798,Macro,output
FEDSA,2026-12-01,interest_expense,26.352,Macro,output
FEDSA,2026-12-01,ecr_driven_avg_balance,22.0,Macro,output
FEDSA,2026-12-01,rate_driven_balance,32.54,Macro,output
FEDSA,2024-01-01,interest_apy,1.9756,Portfolio,output
FEDSA,2024-01-01,interest_expense,57.622,Portfolio,output
FEDSA,2024-01-01,ecr_driven_avg_balance,14.0,Portfolio,output
FEDSA,2024-01-01,rate_driven_balance,21.0,Portfolio,output
FEDSA,2024-02-01,interest_apy,1.9911,Portfolio,output
FEDSA,2024-02-01,interest_expense,58.057,Portfolio,output
FEDSA,2024-02-01,ecr_driven_avg_balance,14.0,Portfolio,output
FEDSA,2024-02-01,rate_driven_balance,20.99,Portfolio,output
FEDSA,2024-03-01,interest_apy,1.9488,Portfolio,output
FEDSA,2024-03-01,interest_expense,56.808,Portfolio,output
FEDSA,2024-03-01,ecr_driven_avg_balance,14.0,Portfolio,output
FEDSA,2024-03-01,rate_driven_balance,20.98,Portfolio,output
FEDSA,2024-04-01,interest_apy,1.9229,Portfolio,output
FEDSA,2024-04-01,interest_expense,56.037,Portfolio,output
FEDSA,2024-04-01,ecr_driven_avg_balance,14.0,Portfolio,output
FEDSA,2024-04-01,rate_driven_balance,20.97,Portfolio,output
FEDSA,2024-05-01,interest_apy,1.9214,Portfolio,output
FEDSA,2024-05-01,interest_expense,55.993,Portfolio,output
FEDSA,2024-05-01,ecr_driven_avg_balance,14.0,Portfolio,output
FEDSA,2024-05-01,rate_driven_balance,20.97,Portfolio,output
FEDSA,2024-06-01,interest_apy,1.8929,Portfolio,output
FEDSA,2024-06-01,interest_expense,55.146,Portfolio,output
FEDSA,2024-06-01,ecr_driven_avg_balance,14.0,Portfolio,output
FEDSA,2024-06-01,rate_driven_balance,20.96,Portfolio,output
FEDSA,2024-07-01,interest_apy,1.8536,Portfolio,output
FEDSA,2024-07-01,interest_expense,53.986,Portfolio,output
FEDSA,2024-07-01,ecr_driven_avg_balance,14.0,Portfolio,output
FEDSA,2024-07-01,rate_driven_balance,20.95,Portfolio,output
FEDSA,2024-08-01,interest_apy,1.8608,Portfolio,output
FEDSA,2024-08-01,interest_expense,54.18,Portfolio,output
FEDSA,2024-08-01,ecr_driven_avg_balance,14.0,Portfolio,output
FEDSA,2024-08-01,rate_driven_balance,20.94,Portfolio,output
FEDSA,2024-09-01,interest_apy,1.7928,Portfolio,output
FEDSA,2024-09-01,interest_expense,52.185,Portfolio,output
FEDSA,2024-09-01,ecr_driven_avg_balance,14.0,Portfolio,output
FEDSA,2024-09-01,rate_driven_balance,20.93,Portfolio,output
FEDSA,2024-10-01,interest_apy,1.8035,Portfolio,output
FEDSA,2024-10-01,interest_expense,52.482,Portfolio,output
FEDSA,2024-10-01,ecr_driven_avg_balance,14.0,Portfolio,output
FEDSA,2024-10-01,rate_driven_balance,20.92,Portfolio,output
FEDSA,2024-11-01,interest_apy,1.7799,Portfolio,output
FEDSA,2024-11-01,interest_expense,51.795,Portfolio,output
FEDSA,2024-11-01,ecr_driven_avg_balance,14.0,Portfolio,output
FEDSA,2024-11-01,rate_driven_balance,20.92,Portfolio,output
FEDSA,2024-12-01,interest_apy,1.7386,Portfolio,output
FEDSA,2024-12-01,interest_expense,50.579,Portfolio,output
FEDSA,2024-12-01,ecr_driven_avg_balance,14.0,Portfolio,output
FEDSA,2024-12-01,rate_driven_balance,20.91,Portfolio,output
FEDSA,2025-01-01,interest_apy,1.7281,Portfolio,output
FEDSA,2025-01-01,interest_expense,50.259,Portfolio,output
FEDSA,2025-01-01,ecr_driven_avg_balance,14.0,Portfolio,output
FEDSA,2025-01-01,rate_driven_balance,20.9,Portfolio,output
FEDSA,2025-02-01,interest_apy,1.6734,Portfolio,output
FEDSA,2025-02-01,interest_expense,48.654,Portfolio,output
FEDSA,2025-02-01,ecr_driven_avg_balance,14.0,Portfolio,output
FEDSA,2025-02-01,rate_driven_balance,20.89,Portfolio,output
FEDSA,2025-03-01,interest_apy,1.6937,Portfolio,output
FEDSA,2025-03-01,interest_expense,49.23,Portfolio,output
FEDSA,2025-03-01,ecr_driven_avg_balance,14.0,Portfolio,output
FEDSA,2025-03-01,rate_driven_balance,20.88,Portfolio,output
FEDSA,2025-04-01,interest_apy,1.6483,Portfolio,output
FEDSA,2025-04-01,interest_expense,47.897,Portfolio,output
FEDSA,2025-04-01,ecr_driven_avg_balance,14.0,Portfolio,output
FEDSA,2025-04-01,rate_driven_balance,20.87,Portfolio,output
FEDSA,2025-05-01,interest_apy,1.6183,Portfolio,output
FEDSA,2025-05-01,interest_expense,47.025,Portfolio,output
FEDSA,2025-05-01,ecr_driven_avg_balance,14.0,Portfolio,output
FEDSA,2025-05-01,rate_driven_balance,20.87,Portfolio,output
FEDSA,2025-06-01,interest_apy,1.6266,Portfolio,output
FEDSA,2025-06-01,interest_expense,47.253,Portfolio,output
FEDSA,2025-06-01,ecr_driven_avg_balance,14.0,Portfolio,output
FEDSA,2025-06-01,rate_driven_balance,20.86,Portfolio,output
FEDSA,2025-07-01,interest_apy,1.5683,Portfolio,output
FEDSA,2025-07-01,interest_expense,45.546,Portfolio,output
FEDSA,2025-07-01,ecr_driven_avg_balance,14.0,Portfolio,output
FEDSA,2025-07-01,rate_driven_balance,20.85,Portfolio,output
FEDSA,2025-08-01,interest_apy,1.531,Portfolio,output
FEDSA,2025-08-01,interest_expense,44.45,Portfolio,output
FEDSA,2025-08-01,ecr_driven_avg_balance,14.0,Portfolio,output
FEDSA,2025-08-01,rate_driven_balance,20.84,Portfolio,output
FEDSA,2025-09-01,interest_apy,1.5049,Portfolio,output
FEDSA,2025-09-01,interest_expense,43.68,Portfolio,output
FEDSA,2025-09-01,ecr_driven_avg_balance,14.0,Portfolio,output
FEDSA,2025-09-01,rate_driven_balance,20.83,Portfolio,output
FEDSA,2025-10-01,interest_apy,1.5249,Portfolio,output
FEDSA,2025-10-01,interest_expense,44.248,Portfolio,output
FEDSA,2025-10-01,ecr_driven_avg_balance,14.0,Portfolio,output
FEDSA,2025-10-01,rate_driven_balance,20.82,Portfolio,output
FEDSA,2025-11-01,interest_apy,1.464,Portfolio,output
FEDSA,2025-11-01,interest_expense,42.48,Portfolio,output
FEDSA,2025-11-01,ecr_driven_avg_balance,14.0,Portfolio,output
FEDSA,2025-11-01,rate_driven_balance,20.82,Portfolio,output
FEDSA,2025-12-01,interest_apy,1.5015,Portfolio,output
FEDSA,2025-12-01,interest_expense,43.556,Portfolio,output
FEDSA,2025-12-01,ecr_driven_avg_balance,14.0,Portfolio,output
FEDSA,2025-12-01,rate_driven_balance,20.81,Portfolio,output
FEDSA,2026-01-01,interest_apy,1.4016,Portfolio,output
FEDSA,2026-01-01,interest_expense,40.646,Portfolio,output
FEDSA,2026-01-01,ecr_driven_avg_balance,14.0,Portfolio,output
FEDSA,2026-01-01,rate_driven_balance,20.8,Portfolio,output
FEDSA,2026-02-01,interest_apy,1.4539,Portfolio,output
FEDSA,2026-02-01,interest_expense,42.151,Portfolio,output
FEDSA,2026-02-01,ecr_driven_avg_balance,14.0,Portfolio,output
FEDSA,2026-02-01,rate_driven_balance,20.79,Portfolio,output
FEDSA,2026-03-01,interest_apy,1.401,Portfolio,output
FEDSA,2026-03-01,interest_expense,40.606,Portfolio,output
FEDSA,2026-03-01,ecr_driven_avg_balance,14.0,Portfolio,output
FEDSA,2026-03-01,rate_driven_balance,20.78,Portfolio,output
FEDSA,2026-04-01,interest_apy,1.3717,Portfolio,output
FEDSA,2026-04-01,interest_expense,39.745,Portfolio,output
FEDSA,2026-04-01,ecr_driven_avg_balance,14.0,Portfolio,output
FEDSA,2026-04-01,rate_driven_balance,20.77,Portfolio,output
FEDSA,2026-05-01,interest_apy,1.3395,Portfolio,output
FEDSA,2026-05-01,interest_expense,38.801,Portfolio,output
FEDSA,2026-05-01,ecr_driven_avg_balance,14.0,Portfolio,output
FEDSA,2026-05-01,rate_driven_balance,20.76,Portfolio,output
FEDSA,2026-06-01,interest_apy,1.3352,Portfolio,output
FEDSA,2026-06-01,interest_expense,38.676,Portfolio,output
FEDSA,2026-06-01,ecr_driven_avg_balance,14.0,Portfolio,output
FEDSA,2026-06-01,rate_driven_balance,20.76,Portfolio,output
FEDSA,2026-07-01,interest_apy,1.3032,Portfolio,output
FEDSA,2026-07-01,interest_expense,37.738,Portfolio,output
FEDSA,2026-07-01,ecr_driven_avg_balance,14.0,Portfolio,output
FEDSA,2026-07-01,rate_driven_balance,20.75,Portfolio,output
FEDSA,2026-08-01,interest_apy,1.3029,Portfolio,output
FEDSA,2026-08-01,interest_expense,37.719,Portfolio,output
FEDSA,2026-08-01,ecr_driven_avg_balance,14.0,Portfolio,output
FEDSA,2026-08-01,rate_driven_balance,20.74,Portfolio,output
FEDSA,2026-09-01,interest_apy,1.2599,Portfolio,output
FEDSA,2026-09-01,interest_expense,36.464,Portfolio,output
FEDSA,2026-09-01,ecr_driven_avg_balance,14.0,Portfolio,output
FEDSA,2026-09-01,rate_driven_balance,20.73,Portfolio,output
FEDSA,2026-10-01,interest_apy,1.2374,Portfolio,output
FEDSA,2026-10-01,interest_expense,35.802,Portfolio,output
FEDSA,2026-10-01,ecr_driven_avg_balance,14.0,Portfolio,output
FEDSA,2026-10-01,rate_driven_balance,20.72,Portfolio,output
FEDSA,2026-11-01,interest_apy,1.2039,Portfolio,output
FEDSA,2026-11-01,interest_expense,34.823,Portfolio,output
FEDSA,2026-11-01,ecr_driven_avg_balance,14.0,Portfolio,output
FEDSA,2026-11-01,rate_driven_balance,20.71,Portfolio,output
FEDSA,2026-12-01,interest_apy,1.1869,Portfolio,output
FEDSA,2026-12-01,interest_expense,34.331,Portfolio,output
FEDSA,2026-12-01,ecr_driven_avg_balance,14.0,Portfolio,output
FEDSA,2026-12-01,rate_driven_balance,20.71,Portfolio,output
